OrderID,CustomerID,OrderDate,ExpectedTime,ActualTime,ItemAccuracy,OrderAmount,Sentiment,Review,City,Area
1000,82,12/8/2025,10,8,Yes,966.9,Positive,Excellent service,Gurugram,DLF Phase 3
1001,27,12/31/2025,10,10,No,564.98,Negative,Excellent service,Gurugram,DLF Phase 3
1002,77,12/28/2025,10,10,Yes,176.32,Positive,Excellent service,Gurugram,Sector 45
1003,68,12/27/2025,10,10,Yes,766.27,Positive,Excellent service,Gurugram,Cyber Hub
1004,31,12/31/2025,10,10,Yes,1099.68,Positive,Excellent service,Gurugram,Cyber Hub
1005,54,12/26/2025,10,10,Yes,685.18,Positive,Excellent service,Gurugram,Sohna Road
1006,97,12/19/2025,10,10,Yes,699.44,Positive,Excellent service,Gurugram,Sector 45
1007,75,1/3/2026,10,8,No,159.26,Negative,Excellent service,Gurugram,Cyber Hub
1008,67,12/4/2025,10,8,Yes,195.92,Positive,Excellent service,Gurugram,DLF Phase 3
1009,16,1/7/2026,10,10,Yes,322.89,Positive,Excellent service,Gurugram,DLF Phase 3
1010,10,12/26/2025,10,8,Yes,526.2,Positive,Excellent service,Gurugram,Cyber Hub
1011,5,12/30/2025,10,20,Yes,673.2,Negative,Missing item,Gurugram,Cyber Hub
1012,98,12/4/2025,10,8,Yes,794.65,Positive,Excellent service,Gurugram,Sector 45
1013,70,12/28/2025,10,25,Yes,330,Negative,Missing item,Gurugram,Cyber Hub
1014,90,12/3/2025,10,10,Yes,509.05,Positive,Excellent service,Gurugram,Sector 45
1015,20,12/25/2025,10,8,Yes,970.34,Positive,Excellent service,Gurugram,Sector 45
1016,50,12/7/2025,10,8,No,1059.63,Negative,Excellent service,Gurugram,Sohna Road
1017,49,1/5/2026,10,15,Yes,1140.2,Negative,Late,Gurugram,Sector 45
1018,57,12/20/2025,10,15,Yes,501.77,Negative,Late,Gurugram,Cyber Hub
1019,59,12/12/2025,10,8,Yes,599.84,Positive,Excellent service,Gurugram,DLF Phase 3
1020,86,12/26/2025,10,8,No,449.11,Negative,Excellent service,Gurugram,DLF Phase 3
1021,70,12/9/2025,10,10,Yes,565.61,Positive,Excellent service,Gurugram,DLF Phase 3
1022,70,12/31/2025,10,10,Yes,973.17,Positive,Excellent service,Gurugram,Sohna Road
1023,24,12/3/2025,10,8,Yes,747.46,Positive,Excellent service,Gurugram,Sohna Road
1024,36,1/5/2026,10,20,Yes,1163.07,Negative,Bad quality,Gurugram,Sector 45
1025,3,12/8/2025,10,15,Yes,305.29,Negative,Late,Gurugram,Cyber Hub
1026,96,12/23/2025,10,15,Yes,1033.67,Negative,Late,Gurugram,Sector 45
1027,98,12/7/2025,10,10,Yes,154.71,Positive,Excellent service,Gurugram,DLF Phase 3
1028,26,1/1/2026,10,10,Yes,449.91,Positive,Excellent service,Gurugram,Sohna Road
1029,10,12/17/2025,10,15,Yes,719.21,Negative,Missing item,Gurugram,Cyber Hub
1030,43,12/9/2025,10,10,No,966.88,Negative,Excellent service,Gurugram,DLF Phase 3
1031,73,1/6/2026,10,10,Yes,742.46,Positive,Excellent service,Gurugram,Cyber Hub
1032,36,1/2/2026,10,8,Yes,791.21,Positive,Excellent service,Gurugram,Cyber Hub
1033,78,1/1/2026,10,10,Yes,1041.8,Positive,Excellent service,Gurugram,DLF Phase 3
1034,16,12/27/2025,10,10,Yes,498.43,Positive,Excellent service,Gurugram,Sohna Road
1035,50,12/5/2025,10,15,Yes,876.46,Negative,Bad quality,Gurugram,Sector 45
1036,55,12/13/2025,10,10,Yes,1088.07,Positive,Excellent service,Gurugram,Sector 45
1037,43,12/22/2025,10,8,No,659.65,Negative,Excellent service,Gurugram,Cyber Hub
1038,20,12/5/2025,10,8,Yes,921.79,Positive,Excellent service,Gurugram,Cyber Hub
1039,25,1/2/2026,10,10,No,384.48,Negative,Excellent service,Gurugram,Sohna Road
1040,38,12/4/2025,10,10,Yes,871.33,Positive,Excellent service,Gurugram,Sohna Road
1041,19,12/10/2025,10,8,Yes,909.01,Positive,Excellent service,Gurugram,Cyber Hub
1042,95,12/4/2025,10,8,Yes,1044.56,Positive,Excellent service,Gurugram,DLF Phase 3
1043,36,12/13/2025,10,8,Yes,895.76,Positive,Excellent service,Gurugram,Sector 45
1044,20,12/26/2025,10,15,Yes,321.85,Negative,Late,Gurugram,Cyber Hub
1045,51,12/16/2025,10,10,Yes,831.11,Positive,Excellent service,Gurugram,Sohna Road
1046,24,1/7/2026,10,10,No,374.67,Negative,Excellent service,Gurugram,Sohna Road
1047,78,12/26/2025,10,8,Yes,420.39,Positive,Excellent service,Gurugram,Sector 45
1048,83,12/2/2025,10,8,Yes,575.95,Positive,Excellent service,Gurugram,Sector 45
1049,43,12/12/2025,10,10,Yes,533.08,Positive,Excellent service,Gurugram,Sector 45
1050,52,1/5/2026,10,8,Yes,622.04,Positive,Excellent service,Gurugram,Sohna Road
1051,66,12/16/2025,10,8,Yes,1018.02,Positive,Excellent service,Gurugram,DLF Phase 3
1052,88,12/18/2025,10,8,Yes,516.71,Positive,Excellent service,Gurugram,Sohna Road
1053,11,12/16/2025,10,8,Yes,227.57,Positive,Excellent service,Gurugram,Sector 45
1054,21,12/14/2025,10,25,Yes,1126.26,Negative,Missing item,Gurugram,Cyber Hub
1055,36,12/23/2025,10,20,Yes,561.91,Negative,Bad quality,Gurugram,DLF Phase 3
1056,87,12/5/2025,10,10,Yes,1199.45,Positive,Excellent service,Gurugram,Sohna Road
1057,46,12/17/2025,10,8,Yes,760.66,Positive,Excellent service,Gurugram,Sector 45
1058,3,12/27/2025,10,15,Yes,1061.8,Negative,Late,Gurugram,Sohna Road
1059,80,12/23/2025,10,10,Yes,604.34,Positive,Excellent service,Gurugram,Cyber Hub
1060,34,12/20/2025,10,8,Yes,425.26,Positive,Excellent service,Gurugram,Cyber Hub
1061,96,12/30/2025,10,8,Yes,186,Positive,Excellent service,Gurugram,Sohna Road
1062,5,1/5/2026,10,8,No,361.57,Negative,Excellent service,Gurugram,Cyber Hub
1063,43,12/24/2025,10,8,Yes,261.52,Positive,Excellent service,Gurugram,Cyber Hub
1064,21,12/20/2025,10,15,Yes,262.55,Negative,Bad quality,Gurugram,DLF Phase 3
1065,48,12/6/2025,10,8,Yes,307.76,Positive,Excellent service,Gurugram,Cyber Hub
1066,79,12/22/2025,10,10,Yes,743.32,Positive,Excellent service,Gurugram,Sector 45
1067,60,12/20/2025,10,8,Yes,626.81,Positive,Excellent service,Gurugram,Sector 45
1068,77,12/27/2025,10,8,Yes,624.26,Positive,Excellent service,Gurugram,Sector 45
1069,99,12/14/2025,10,20,Yes,881.4,Negative,Missing item,Gurugram,Sector 45
1070,17,12/5/2025,10,10,Yes,1082.21,Positive,Excellent service,Gurugram,Sohna Road
1071,37,12/19/2025,10,25,Yes,807.43,Negative,Missing item,Gurugram,Sector 45
1072,51,12/26/2025,10,20,Yes,920.4,Negative,Late,Gurugram,Sohna Road
1073,28,12/29/2025,10,8,Yes,553.5,Positive,Excellent service,Gurugram,Cyber Hub
1074,100,12/23/2025,10,8,Yes,660.73,Positive,Excellent service,Gurugram,Cyber Hub
1075,71,12/21/2025,10,8,Yes,972.35,Positive,Excellent service,Gurugram,DLF Phase 3
1076,67,12/20/2025,10,20,Yes,555.49,Negative,Missing item,Gurugram,DLF Phase 3
1077,6,12/25/2025,10,20,No,947.02,Negative,Bad quality,Gurugram,Sector 45
1078,70,12/8/2025,10,10,Yes,743.51,Positive,Excellent service,Gurugram,DLF Phase 3
1079,18,12/1/2025,10,10,Yes,936.13,Positive,Excellent service,Gurugram,Sector 45
1080,48,12/28/2025,10,20,Yes,585.34,Negative,Late,Gurugram,Sohna Road
1081,100,12/19/2025,10,10,Yes,207.45,Positive,Excellent service,Gurugram,Cyber Hub
1082,23,12/5/2025,10,8,Yes,212.78,Positive,Excellent service,Gurugram,DLF Phase 3
1083,85,12/19/2025,10,8,Yes,967.86,Positive,Excellent service,Gurugram,Sohna Road
1084,77,12/31/2025,10,8,Yes,443.12,Positive,Excellent service,Gurugram,DLF Phase 3
1085,44,12/23/2025,10,10,Yes,743.47,Positive,Excellent service,Gurugram,DLF Phase 3
1086,85,12/1/2025,10,10,Yes,447.79,Positive,Excellent service,Gurugram,DLF Phase 3
1087,48,12/26/2025,10,10,Yes,336.28,Positive,Excellent service,Gurugram,Sector 45
1088,96,1/4/2026,10,8,Yes,987.95,Positive,Excellent service,Gurugram,Sohna Road
1089,85,12/16/2025,10,15,No,1081.87,Negative,Bad quality,Gurugram,Sohna Road
1090,4,12/28/2025,10,20,Yes,992.36,Negative,Missing item,Gurugram,Sector 45
1091,48,12/30/2025,10,10,Yes,771.44,Positive,Excellent service,Gurugram,Sector 45
1092,24,12/4/2025,10,10,Yes,670.86,Positive,Excellent service,Gurugram,DLF Phase 3
1093,30,12/13/2025,10,8,Yes,1092.87,Positive,Excellent service,Gurugram,Cyber Hub
1094,76,1/3/2026,10,15,Yes,549.67,Negative,Bad quality,Gurugram,Sector 45
1095,35,12/26/2025,10,10,Yes,705.49,Positive,Excellent service,Gurugram,DLF Phase 3
1096,43,12/9/2025,10,8,Yes,795.27,Positive,Excellent service,Gurugram,Cyber Hub
1097,85,12/2/2025,10,8,Yes,853.56,Positive,Excellent service,Gurugram,Cyber Hub
1098,64,12/21/2025,10,8,Yes,956.41,Positive,Excellent service,Gurugram,Cyber Hub
1099,59,12/17/2025,10,10,Yes,1093.78,Positive,Excellent service,Gurugram,DLF Phase 3
1100,42,12/21/2025,10,20,No,969.29,Negative,Missing item,Gurugram,Sector 45
1101,31,12/9/2025,10,25,Yes,350.77,Negative,Bad quality,Gurugram,Sector 45
1102,62,12/7/2025,10,10,No,806.73,Negative,Excellent service,Gurugram,DLF Phase 3
1103,42,12/2/2025,10,15,Yes,445.8,Negative,Bad quality,Gurugram,Sohna Road
1104,81,12/16/2025,10,10,Yes,228.99,Positive,Excellent service,Gurugram,Sohna Road
1105,75,12/24/2025,10,8,Yes,625.31,Positive,Excellent service,Gurugram,Cyber Hub
1106,20,12/14/2025,10,10,Yes,376.46,Positive,Excellent service,Gurugram,DLF Phase 3
1107,16,1/2/2026,10,10,Yes,302.95,Positive,Excellent service,Gurugram,Sohna Road
1108,87,12/14/2025,10,25,Yes,639.21,Negative,Missing item,Gurugram,DLF Phase 3
1109,99,12/27/2025,10,8,Yes,1138.72,Positive,Excellent service,Gurugram,Sector 45
1110,58,12/27/2025,10,8,Yes,897.03,Positive,Excellent service,Gurugram,Sohna Road
1111,34,1/3/2026,10,10,Yes,1086.71,Positive,Excellent service,Gurugram,DLF Phase 3
1112,73,12/1/2025,10,8,Yes,1196.42,Positive,Excellent service,Gurugram,Sector 45
1113,30,12/25/2025,10,25,Yes,971.93,Negative,Late,Gurugram,Sector 45
1114,12,12/17/2025,10,8,Yes,945.79,Positive,Excellent service,Gurugram,Sector 45
1115,75,1/5/2026,10,10,Yes,547.87,Positive,Excellent service,Gurugram,Sohna Road
1116,8,12/29/2025,10,10,Yes,1147.49,Positive,Excellent service,Gurugram,Cyber Hub
1117,4,12/11/2025,10,10,Yes,654.97,Positive,Excellent service,Gurugram,Sector 45
1118,66,1/2/2026,10,15,Yes,731.46,Negative,Bad quality,Gurugram,Cyber Hub
1119,96,12/9/2025,10,10,Yes,258.49,Positive,Excellent service,Gurugram,Sohna Road
1120,75,12/21/2025,10,15,Yes,927.63,Negative,Late,Gurugram,Sector 45
1121,8,12/11/2025,10,8,Yes,1100.48,Positive,Excellent service,Gurugram,Sohna Road
1122,76,12/3/2025,10,10,Yes,297.24,Positive,Excellent service,Gurugram,Sector 45
1123,93,12/7/2025,10,15,Yes,349.17,Negative,Late,Gurugram,Sector 45
1124,29,12/12/2025,10,10,Yes,526.99,Positive,Excellent service,Gurugram,Sohna Road
1125,29,12/3/2025,10,15,Yes,579.78,Negative,Late,Gurugram,Cyber Hub
1126,31,12/24/2025,10,15,Yes,1184.13,Negative,Missing item,Gurugram,Cyber Hub
1127,79,12/3/2025,10,10,No,1123.9,Negative,Excellent service,Gurugram,DLF Phase 3
1128,12,12/27/2025,10,10,Yes,182.34,Positive,Excellent service,Gurugram,DLF Phase 3
1129,96,12/10/2025,10,8,Yes,671.78,Positive,Excellent service,Gurugram,Sector 45
1130,94,12/4/2025,10,15,Yes,575.98,Negative,Late,Gurugram,Cyber Hub
1131,61,12/3/2025,10,20,Yes,826.59,Negative,Bad quality,Gurugram,Sohna Road
1132,49,12/9/2025,10,8,Yes,769.31,Positive,Excellent service,Gurugram,Cyber Hub
1133,49,12/11/2025,10,8,Yes,592,Positive,Excellent service,Gurugram,Sector 45
1134,39,12/3/2025,10,10,No,249.41,Negative,Excellent service,Gurugram,Sohna Road
1135,70,12/15/2025,10,10,Yes,964.35,Positive,Excellent service,Gurugram,Cyber Hub
1136,7,1/6/2026,10,10,Yes,751.63,Positive,Excellent service,Gurugram,Sector 45
1137,7,12/28/2025,10,8,Yes,1013.99,Positive,Excellent service,Gurugram,Sector 45
1138,82,12/30/2025,10,15,Yes,350.83,Negative,Late,Gurugram,Sohna Road
1139,11,1/5/2026,10,15,Yes,928.65,Negative,Late,Gurugram,DLF Phase 3
1140,64,12/2/2025,10,10,Yes,1174.11,Positive,Excellent service,Gurugram,Sector 45
1141,51,12/1/2025,10,10,Yes,780.75,Positive,Excellent service,Gurugram,Cyber Hub
1142,32,12/30/2025,10,10,Yes,388.82,Positive,Excellent service,Gurugram,Sector 45
1143,29,1/2/2026,10,10,No,339.2,Negative,Excellent service,Gurugram,DLF Phase 3
1144,81,1/2/2026,10,10,Yes,695.69,Positive,Excellent service,Gurugram,Sector 45
1145,12,12/8/2025,10,10,Yes,181.22,Positive,Excellent service,Gurugram,DLF Phase 3
1146,99,1/2/2026,10,8,Yes,370.88,Positive,Excellent service,Gurugram,DLF Phase 3
1147,95,1/2/2026,10,15,Yes,307.78,Negative,Bad quality,Gurugram,Sohna Road
1148,37,12/18/2025,10,10,Yes,674.72,Positive,Excellent service,Gurugram,Sector 45
1149,72,12/11/2025,10,20,Yes,815.62,Negative,Missing item,Gurugram,Sohna Road
1150,42,12/17/2025,10,20,Yes,532.64,Negative,Late,Gurugram,Sector 45
1151,36,12/4/2025,10,15,Yes,608.56,Negative,Late,Gurugram,Cyber Hub
1152,41,12/19/2025,10,10,Yes,737.06,Positive,Excellent service,Gurugram,DLF Phase 3
1153,49,12/6/2025,10,25,Yes,1004.6,Negative,Late,Gurugram,Sector 45
1154,36,12/18/2025,10,20,Yes,897.82,Negative,Bad quality,Gurugram,DLF Phase 3
1155,30,12/31/2025,10,10,Yes,557.18,Positive,Excellent service,Gurugram,Sohna Road
1156,64,1/7/2026,10,8,Yes,1072.97,Positive,Excellent service,Gurugram,Sohna Road
1157,70,12/5/2025,10,20,Yes,630.48,Negative,Late,Gurugram,Sector 45
1158,24,12/22/2025,10,8,Yes,811.03,Positive,Excellent service,Gurugram,Sector 45
1159,53,1/5/2026,10,15,No,1055.01,Negative,Late,Gurugram,DLF Phase 3
1160,76,12/5/2025,10,25,No,497.61,Negative,Late,Gurugram,Cyber Hub
1161,12,12/14/2025,10,20,No,363.89,Negative,Late,Gurugram,DLF Phase 3
1162,78,1/1/2026,10,15,Yes,1009.57,Negative,Missing item,Gurugram,Sector 45
1163,16,12/27/2025,10,8,Yes,423.68,Positive,Excellent service,Gurugram,Sohna Road
1164,50,1/5/2026,10,25,Yes,194.16,Negative,Late,Gurugram,Sector 45
1165,74,1/6/2026,10,8,Yes,168.03,Positive,Excellent service,Gurugram,Sohna Road
1166,34,12/11/2025,10,20,Yes,511.94,Negative,Missing item,Gurugram,Sohna Road
1167,62,12/10/2025,10,10,Yes,895.36,Positive,Excellent service,Gurugram,Cyber Hub
1168,80,1/4/2026,10,8,Yes,387.09,Positive,Excellent service,Gurugram,Sector 45
1169,33,12/9/2025,10,15,Yes,931.51,Negative,Bad quality,Gurugram,Sector 45
1170,73,12/26/2025,10,15,Yes,713.03,Negative,Late,Gurugram,Sohna Road
1171,69,12/31/2025,10,20,Yes,807.49,Negative,Bad quality,Gurugram,Sector 45
1172,44,12/5/2025,10,8,Yes,151.5,Positive,Excellent service,Gurugram,DLF Phase 3
1173,46,1/3/2026,10,10,Yes,873.8,Positive,Excellent service,Gurugram,Sohna Road
1174,78,12/16/2025,10,8,Yes,1058.45,Positive,Excellent service,Gurugram,Cyber Hub
1175,9,12/15/2025,10,10,Yes,1101.78,Positive,Excellent service,Gurugram,DLF Phase 3
1176,40,12/25/2025,10,25,Yes,778.34,Negative,Missing item,Gurugram,Cyber Hub
1177,72,12/6/2025,10,8,Yes,975.8,Positive,Excellent service,Gurugram,Sohna Road
1178,82,12/23/2025,10,8,Yes,533.13,Positive,Excellent service,Gurugram,Sohna Road
1179,4,12/14/2025,10,15,Yes,703.65,Negative,Missing item,Gurugram,Cyber Hub
1180,5,12/13/2025,10,15,Yes,1198.07,Negative,Missing item,Gurugram,Sohna Road
1181,39,12/28/2025,10,10,Yes,792.16,Positive,Excellent service,Gurugram,Sohna Road
1182,86,12/4/2025,10,10,Yes,442.29,Positive,Excellent service,Gurugram,Sohna Road
1183,42,1/4/2026,10,20,Yes,456.73,Negative,Bad quality,Gurugram,Sector 45
1184,28,12/17/2025,10,15,Yes,257.68,Negative,Bad quality,Gurugram,Sector 45
1185,72,12/26/2025,10,10,Yes,821.26,Positive,Excellent service,Gurugram,Cyber Hub
1186,99,12/17/2025,10,8,Yes,415.43,Positive,Excellent service,Gurugram,Sohna Road
1187,100,1/7/2026,10,10,Yes,401.23,Positive,Excellent service,Gurugram,Sohna Road
1188,75,12/24/2025,10,8,Yes,774,Positive,Excellent service,Gurugram,Cyber Hub
1189,55,12/13/2025,10,20,Yes,1149.49,Negative,Missing item,Gurugram,Sohna Road
1190,16,12/17/2025,10,8,Yes,359.26,Positive,Excellent service,Gurugram,DLF Phase 3
1191,89,12/8/2025,10,20,Yes,152.33,Negative,Bad quality,Gurugram,Sohna Road
1192,19,12/15/2025,10,8,No,838.7,Negative,Excellent service,Gurugram,Sohna Road
1193,96,12/14/2025,10,25,No,1139.53,Negative,Late,Gurugram,DLF Phase 3
1194,62,12/13/2025,10,10,Yes,820.08,Positive,Excellent service,Gurugram,Sector 45
1195,15,12/29/2025,10,10,Yes,323.42,Positive,Excellent service,Gurugram,DLF Phase 3
1196,42,12/15/2025,10,15,Yes,642.24,Negative,Late,Gurugram,Sohna Road
1197,97,12/13/2025,10,10,Yes,401.24,Positive,Excellent service,Gurugram,DLF Phase 3
1198,97,12/16/2025,10,8,Yes,1027.73,Positive,Excellent service,Gurugram,DLF Phase 3
1199,5,12/6/2025,10,8,Yes,567.08,Positive,Excellent service,Gurugram,Sector 45
1200,12,12/14/2025,10,8,Yes,404.9,Positive,Excellent service,Gurugram,DLF Phase 3
1201,7,1/3/2026,10,10,Yes,467.13,Positive,Excellent service,Gurugram,Sector 45
1202,65,12/10/2025,10,8,Yes,943.59,Positive,Excellent service,Gurugram,Sohna Road
1203,79,12/22/2025,10,10,Yes,541.83,Positive,Excellent service,Gurugram,Cyber Hub
1204,93,12/30/2025,10,25,Yes,163.44,Negative,Missing item,Gurugram,Sohna Road
1205,12,12/19/2025,10,20,Yes,589.9,Negative,Late,Gurugram,Sector 45
1206,53,12/9/2025,10,8,Yes,505.96,Positive,Excellent service,Gurugram,DLF Phase 3
1207,25,12/26/2025,10,15,Yes,516.85,Negative,Late,Gurugram,Sohna Road
1208,94,1/7/2026,10,10,Yes,1036.55,Positive,Excellent service,Gurugram,Sohna Road
1209,74,12/11/2025,10,8,Yes,728.73,Positive,Excellent service,Gurugram,Sohna Road
1210,9,1/1/2026,10,10,Yes,634.51,Positive,Excellent service,Gurugram,Sector 45
1211,49,12/1/2025,10,15,Yes,267.95,Negative,Bad quality,Gurugram,Cyber Hub
1212,86,1/2/2026,10,15,Yes,1174.4,Negative,Late,Gurugram,Sohna Road
1213,65,12/17/2025,10,8,No,533.41,Negative,Excellent service,Gurugram,Sector 45
1214,25,1/1/2026,10,8,Yes,482.94,Positive,Excellent service,Gurugram,Sector 45
1215,88,12/30/2025,10,10,Yes,396.8,Positive,Excellent service,Gurugram,DLF Phase 3
1216,73,12/6/2025,10,10,Yes,762.77,Positive,Excellent service,Gurugram,Cyber Hub
1217,86,12/11/2025,10,10,Yes,1187.41,Positive,Excellent service,Gurugram,Sector 45
1218,73,12/6/2025,10,10,Yes,574.55,Positive,Excellent service,Gurugram,Sohna Road
1219,100,12/3/2025,10,10,Yes,758.46,Positive,Excellent service,Gurugram,DLF Phase 3
1220,49,12/20/2025,10,15,Yes,1001.47,Negative,Bad quality,Gurugram,Cyber Hub
1221,68,12/27/2025,10,10,Yes,246.64,Positive,Excellent service,Gurugram,Sohna Road
1222,65,12/27/2025,10,10,Yes,327.96,Positive,Excellent service,Gurugram,Sohna Road
1223,100,12/18/2025,10,15,Yes,1016.49,Negative,Bad quality,Gurugram,Sohna Road
1224,4,12/22/2025,10,20,Yes,234.32,Negative,Late,Gurugram,Sohna Road
1225,3,12/3/2025,10,10,Yes,759.01,Positive,Excellent service,Gurugram,Sector 45
1226,17,12/11/2025,10,10,Yes,372.42,Positive,Excellent service,Gurugram,Sector 45
1227,53,12/21/2025,10,10,Yes,1117.78,Positive,Excellent service,Gurugram,DLF Phase 3
1228,89,1/6/2026,10,20,Yes,929.39,Negative,Late,Gurugram,Sohna Road
1229,50,12/6/2025,10,8,Yes,528.12,Positive,Excellent service,Gurugram,DLF Phase 3
1230,55,12/2/2025,10,8,Yes,905.43,Positive,Excellent service,Gurugram,Sohna Road
1231,71,12/3/2025,10,25,Yes,1169.88,Negative,Bad quality,Gurugram,Cyber Hub
1232,46,1/2/2026,10,10,Yes,862.7,Positive,Excellent service,Gurugram,DLF Phase 3
1233,39,12/3/2025,10,8,Yes,629.44,Positive,Excellent service,Gurugram,DLF Phase 3
1234,44,1/7/2026,10,10,Yes,1166.68,Positive,Excellent service,Gurugram,DLF Phase 3
1235,47,12/30/2025,10,8,Yes,548.29,Positive,Excellent service,Gurugram,Cyber Hub
1236,32,1/3/2026,10,8,Yes,725.41,Positive,Excellent service,Gurugram,Cyber Hub
1237,84,12/12/2025,10,8,Yes,555.53,Positive,Excellent service,Gurugram,DLF Phase 3
1238,48,12/9/2025,10,10,Yes,1132.62,Positive,Excellent service,Gurugram,Sohna Road
1239,47,12/5/2025,10,8,No,150.07,Negative,Excellent service,Gurugram,Sector 45
1240,32,12/30/2025,10,10,Yes,745.54,Positive,Excellent service,Gurugram,Cyber Hub
1241,73,12/14/2025,10,10,Yes,553.84,Positive,Excellent service,Gurugram,Cyber Hub
1242,11,12/10/2025,10,20,Yes,744.71,Negative,Missing item,Gurugram,Cyber Hub
1243,76,12/23/2025,10,8,Yes,694.69,Positive,Excellent service,Gurugram,Sohna Road
1244,80,12/31/2025,10,8,Yes,649.93,Positive,Excellent service,Gurugram,Sector 45
1245,36,1/5/2026,10,10,Yes,716.41,Positive,Excellent service,Gurugram,DLF Phase 3
1246,97,12/22/2025,10,8,Yes,222.67,Positive,Excellent service,Gurugram,Sector 45
1247,42,12/11/2025,10,8,Yes,296.45,Positive,Excellent service,Gurugram,Sector 45
1248,91,12/7/2025,10,8,Yes,1113.32,Positive,Excellent service,Gurugram,Cyber Hub
1249,74,12/28/2025,10,10,Yes,1172.55,Positive,Excellent service,Gurugram,DLF Phase 3
1250,12,1/6/2026,10,10,Yes,1001.43,Positive,Excellent service,Gurugram,DLF Phase 3
1251,66,12/15/2025,10,25,Yes,350.26,Negative,Bad quality,Gurugram,Sector 45
1252,8,12/19/2025,10,10,Yes,785.72,Positive,Excellent service,Gurugram,Sohna Road
1253,32,12/31/2025,10,25,Yes,1149.04,Negative,Bad quality,Gurugram,Sohna Road
1254,62,1/7/2026,10,10,No,295.89,Negative,Excellent service,Gurugram,DLF Phase 3
1255,68,1/4/2026,10,10,No,947.33,Negative,Excellent service,Gurugram,DLF Phase 3
1256,99,12/19/2025,10,8,Yes,531.11,Positive,Excellent service,Gurugram,Sohna Road
1257,46,12/28/2025,10,8,Yes,530.96,Positive,Excellent service,Gurugram,Sohna Road
1258,87,12/11/2025,10,20,Yes,728.22,Negative,Bad quality,Gurugram,Sohna Road
1259,75,12/30/2025,10,15,Yes,514.37,Negative,Missing item,Gurugram,Sohna Road
1260,56,12/21/2025,10,20,Yes,386.86,Negative,Missing item,Gurugram,DLF Phase 3
1261,33,12/25/2025,10,8,Yes,293.14,Positive,Excellent service,Gurugram,Cyber Hub
1262,87,12/9/2025,10,10,Yes,1015.86,Positive,Excellent service,Gurugram,DLF Phase 3
1263,6,12/20/2025,10,10,Yes,294.16,Positive,Excellent service,Gurugram,Sector 45
1264,22,12/26/2025,10,10,Yes,206.25,Positive,Excellent service,Gurugram,Sohna Road
1265,69,1/1/2026,10,8,No,354.69,Negative,Excellent service,Gurugram,Cyber Hub
1266,63,12/5/2025,10,8,Yes,331.85,Positive,Excellent service,Gurugram,Sohna Road
1267,20,12/11/2025,10,10,Yes,1167.93,Positive,Excellent service,Gurugram,Cyber Hub
1268,82,1/4/2026,10,8,No,912.21,Negative,Excellent service,Gurugram,Sohna Road
1269,89,12/12/2025,10,15,Yes,394.45,Negative,Bad quality,Gurugram,Sohna Road
1270,62,12/9/2025,10,15,No,940.22,Negative,Late,Gurugram,Sohna Road
1271,23,12/7/2025,10,8,Yes,1129.43,Positive,Excellent service,Gurugram,Cyber Hub
1272,66,12/28/2025,10,15,Yes,913.77,Negative,Late,Gurugram,Sector 45
1273,74,1/5/2026,10,15,Yes,916.81,Negative,Late,Gurugram,DLF Phase 3
1274,24,12/2/2025,10,15,Yes,568.12,Negative,Missing item,Gurugram,Sector 45
1275,48,12/28/2025,10,20,Yes,955.61,Negative,Late,Gurugram,Sector 45
1276,90,1/3/2026,10,10,Yes,623.68,Positive,Excellent service,Gurugram,Sector 45
1277,33,12/7/2025,10,8,Yes,1187.69,Positive,Excellent service,Gurugram,Sohna Road
1278,74,12/27/2025,10,10,Yes,583.93,Positive,Excellent service,Gurugram,Cyber Hub
1279,13,12/10/2025,10,15,No,760.89,Negative,Bad quality,Gurugram,DLF Phase 3
1280,5,12/4/2025,10,15,Yes,176.23,Negative,Missing item,Gurugram,Cyber Hub
1281,25,12/6/2025,10,10,Yes,968.73,Positive,Excellent service,Gurugram,DLF Phase 3
1282,26,1/2/2026,10,20,Yes,252.48,Negative,Missing item,Gurugram,Sohna Road
1283,95,1/7/2026,10,10,Yes,546.67,Positive,Excellent service,Gurugram,DLF Phase 3
1284,31,12/24/2025,10,8,Yes,503.81,Positive,Excellent service,Gurugram,DLF Phase 3
1285,66,12/8/2025,10,15,Yes,434.21,Negative,Late,Gurugram,Cyber Hub
1286,10,12/16/2025,10,15,Yes,635.26,Negative,Late,Gurugram,Sector 45
1287,32,1/6/2026,10,20,Yes,792.65,Negative,Late,Gurugram,Sohna Road
1288,84,12/10/2025,10,25,No,1068.45,Negative,Missing item,Gurugram,Cyber Hub
1289,64,12/12/2025,10,15,Yes,782.56,Negative,Missing item,Gurugram,Sohna Road
1290,67,1/6/2026,10,25,Yes,180.51,Negative,Missing item,Gurugram,Sohna Road
1291,66,1/2/2026,10,8,Yes,367.3,Positive,Excellent service,Gurugram,DLF Phase 3
1292,82,12/5/2025,10,10,Yes,718.82,Positive,Excellent service,Gurugram,DLF Phase 3
1293,22,12/3/2025,10,8,Yes,215.34,Positive,Excellent service,Gurugram,Sohna Road
1294,15,12/31/2025,10,8,Yes,660.75,Positive,Excellent service,Gurugram,Sohna Road
1295,8,12/18/2025,10,10,Yes,1152.72,Positive,Excellent service,Gurugram,Sector 45
1296,21,12/24/2025,10,20,No,733.86,Negative,Bad quality,Gurugram,DLF Phase 3
1297,89,12/23/2025,10,8,No,1108.93,Negative,Excellent service,Gurugram,Sector 45
1298,2,12/15/2025,10,8,Yes,504.86,Positive,Excellent service,Gurugram,Cyber Hub
1299,5,12/15/2025,10,20,No,397.58,Negative,Bad quality,Gurugram,Sohna Road
1300,70,1/7/2026,10,10,Yes,1051.43,Positive,Excellent service,Gurugram,Cyber Hub
1301,58,12/3/2025,10,20,Yes,254.07,Negative,Late,Gurugram,Cyber Hub
1302,72,12/3/2025,10,8,Yes,1147.52,Positive,Excellent service,Gurugram,Sector 45
1303,60,12/30/2025,10,8,Yes,839.98,Positive,Excellent service,Gurugram,Cyber Hub
1304,77,12/26/2025,10,8,Yes,728.18,Positive,Excellent service,Gurugram,Sohna Road
1305,59,12/12/2025,10,10,No,453.5,Negative,Excellent service,Gurugram,Sector 45
1306,6,12/15/2025,10,8,Yes,360.57,Positive,Excellent service,Gurugram,DLF Phase 3
1307,93,12/25/2025,10,10,Yes,564.53,Positive,Excellent service,Gurugram,Cyber Hub
1308,21,12/14/2025,10,20,Yes,760.26,Negative,Late,Gurugram,Sohna Road
1309,12,12/22/2025,10,10,Yes,849.56,Positive,Excellent service,Gurugram,Sector 45
1310,1,1/2/2026,10,8,Yes,791.54,Positive,Excellent service,Gurugram,DLF Phase 3
1311,76,12/27/2025,10,8,Yes,402.42,Positive,Excellent service,Gurugram,Sohna Road
1312,40,12/25/2025,10,20,Yes,777.74,Negative,Late,Gurugram,DLF Phase 3
1313,1,12/31/2025,10,10,Yes,530.01,Positive,Excellent service,Gurugram,Sector 45
1314,24,12/27/2025,10,10,No,1121.82,Negative,Excellent service,Gurugram,Cyber Hub
1315,71,12/16/2025,10,20,Yes,745.1,Negative,Bad quality,Gurugram,Sohna Road
1316,37,12/14/2025,10,10,Yes,641.95,Positive,Excellent service,Gurugram,Sector 45
1317,74,12/17/2025,10,8,Yes,567.76,Positive,Excellent service,Gurugram,Sector 45
1318,23,12/4/2025,10,10,Yes,945.37,Positive,Excellent service,Gurugram,Sector 45
1319,34,12/8/2025,10,20,Yes,552.14,Negative,Late,Gurugram,Sector 45
1320,70,12/6/2025,10,15,Yes,868.87,Negative,Missing item,Gurugram,Sohna Road
1321,74,1/4/2026,10,8,Yes,693.55,Positive,Excellent service,Gurugram,Cyber Hub
1322,49,12/18/2025,10,10,Yes,905.26,Positive,Excellent service,Gurugram,DLF Phase 3
1323,84,12/23/2025,10,10,Yes,486.09,Positive,Excellent service,Gurugram,Sohna Road
1324,50,12/21/2025,10,10,No,635.91,Negative,Excellent service,Gurugram,Sohna Road
1325,81,1/1/2026,10,8,Yes,728.63,Positive,Excellent service,Gurugram,Sector 45
1326,95,12/11/2025,10,10,Yes,729.41,Positive,Excellent service,Gurugram,Cyber Hub
1327,19,1/6/2026,10,10,Yes,1159.64,Positive,Excellent service,Gurugram,DLF Phase 3
1328,93,12/9/2025,10,15,Yes,696.73,Negative,Bad quality,Gurugram,Cyber Hub
1329,100,12/17/2025,10,10,Yes,515.14,Positive,Excellent service,Gurugram,DLF Phase 3
1330,64,12/5/2025,10,20,Yes,764.76,Negative,Missing item,Gurugram,Cyber Hub
1331,70,12/5/2025,10,8,No,722.44,Negative,Excellent service,Gurugram,Cyber Hub
1332,37,12/18/2025,10,8,Yes,902.01,Positive,Excellent service,Gurugram,Cyber Hub
1333,49,12/17/2025,10,8,Yes,976.44,Positive,Excellent service,Gurugram,DLF Phase 3
1334,8,12/18/2025,10,8,No,601.13,Negative,Excellent service,Gurugram,DLF Phase 3
1335,4,1/7/2026,10,10,Yes,191.84,Positive,Excellent service,Gurugram,Cyber Hub
1336,48,12/1/2025,10,10,Yes,1116.86,Positive,Excellent service,Gurugram,Sector 45
1337,50,12/24/2025,10,8,Yes,1023,Positive,Excellent service,Gurugram,DLF Phase 3
1338,12,12/21/2025,10,15,Yes,699.59,Negative,Late,Gurugram,DLF Phase 3
1339,88,12/12/2025,10,10,Yes,838.37,Positive,Excellent service,Gurugram,Sector 45
1340,34,12/22/2025,10,10,Yes,154.2,Positive,Excellent service,Gurugram,DLF Phase 3
1341,18,12/25/2025,10,8,Yes,757.33,Positive,Excellent service,Gurugram,Cyber Hub
1342,47,12/21/2025,10,8,Yes,623.67,Positive,Excellent service,Gurugram,Sector 45
1343,88,1/1/2026,10,8,Yes,279.83,Positive,Excellent service,Gurugram,DLF Phase 3
1344,92,12/13/2025,10,10,Yes,885.94,Positive,Excellent service,Gurugram,DLF Phase 3
1345,1,1/3/2026,10,8,Yes,645.57,Positive,Excellent service,Gurugram,Sector 45
1346,74,12/12/2025,10,10,Yes,225.89,Positive,Excellent service,Gurugram,DLF Phase 3
1347,55,12/23/2025,10,10,Yes,1192.48,Positive,Excellent service,Gurugram,DLF Phase 3
1348,92,12/19/2025,10,20,Yes,1173.54,Negative,Bad quality,Gurugram,Cyber Hub
1349,99,12/2/2025,10,20,Yes,1185.59,Negative,Missing item,Gurugram,Sector 45
1350,67,12/19/2025,10,8,Yes,575.51,Positive,Excellent service,Gurugram,Sohna Road
1351,93,12/10/2025,10,10,Yes,1165.98,Positive,Excellent service,Gurugram,Sector 45
1352,51,1/3/2026,10,8,No,210.24,Negative,Excellent service,Gurugram,DLF Phase 3
1353,37,1/1/2026,10,15,Yes,268.53,Negative,Missing item,Gurugram,Sector 45
1354,30,12/29/2025,10,25,Yes,580.64,Negative,Bad quality,Gurugram,DLF Phase 3
1355,99,12/2/2025,10,8,Yes,874.72,Positive,Excellent service,Gurugram,Sector 45
1356,52,1/4/2026,10,8,No,217.46,Negative,Excellent service,Gurugram,Sohna Road
1357,16,12/6/2025,10,10,Yes,549.72,Positive,Excellent service,Gurugram,Sector 45
1358,2,12/15/2025,10,10,Yes,731.32,Positive,Excellent service,Gurugram,Sector 45
1359,50,12/9/2025,10,10,Yes,801.45,Positive,Excellent service,Gurugram,Sector 45
1360,88,1/2/2026,10,10,No,198.59,Negative,Excellent service,Gurugram,DLF Phase 3
1361,97,12/4/2025,10,8,Yes,771.43,Positive,Excellent service,Gurugram,Sohna Road
1362,1,12/21/2025,10,25,No,1127.42,Negative,Bad quality,Gurugram,Sector 45
1363,71,12/22/2025,10,10,Yes,319.27,Positive,Excellent service,Gurugram,Sector 45
1364,64,1/7/2026,10,8,Yes,1143.24,Positive,Excellent service,Gurugram,Sector 45
1365,51,12/25/2025,10,10,Yes,1114.67,Positive,Excellent service,Gurugram,Sohna Road
1366,26,12/3/2025,10,10,Yes,1175.15,Positive,Excellent service,Gurugram,Sector 45
1367,12,12/4/2025,10,10,Yes,827.51,Positive,Excellent service,Gurugram,Cyber Hub
1368,29,12/7/2025,10,20,Yes,1008.75,Negative,Missing item,Gurugram,Cyber Hub
1369,39,12/18/2025,10,10,Yes,829.72,Positive,Excellent service,Gurugram,Sohna Road
1370,14,1/6/2026,10,8,Yes,1182.03,Positive,Excellent service,Gurugram,Sohna Road
1371,59,12/26/2025,10,8,No,1062.52,Negative,Excellent service,Gurugram,DLF Phase 3
1372,84,12/15/2025,10,10,Yes,630.76,Positive,Excellent service,Gurugram,DLF Phase 3
1373,93,12/29/2025,10,10,Yes,963.41,Positive,Excellent service,Gurugram,Cyber Hub
1374,49,12/31/2025,10,10,Yes,274.41,Positive,Excellent service,Gurugram,Sohna Road
1375,45,1/3/2026,10,8,Yes,753.3,Positive,Excellent service,Gurugram,DLF Phase 3
1376,38,12/16/2025,10,8,Yes,493.07,Positive,Excellent service,Gurugram,Cyber Hub
1377,62,12/28/2025,10,10,Yes,952.85,Positive,Excellent service,Gurugram,DLF Phase 3
1378,32,12/7/2025,10,10,No,1131.21,Negative,Excellent service,Gurugram,Sector 45
1379,62,12/10/2025,10,8,Yes,702.31,Positive,Excellent service,Gurugram,Sohna Road
1380,17,12/7/2025,10,8,Yes,667.06,Positive,Excellent service,Gurugram,Sohna Road
1381,70,12/17/2025,10,15,Yes,550.96,Negative,Missing item,Gurugram,Sohna Road
1382,62,12/20/2025,10,10,Yes,977.74,Positive,Excellent service,Gurugram,Cyber Hub
1383,80,1/2/2026,10,25,No,617.47,Negative,Missing item,Gurugram,Sector 45
1384,72,12/12/2025,10,10,Yes,764.95,Positive,Excellent service,Gurugram,Sector 45
1385,16,12/10/2025,10,8,No,412.3,Negative,Excellent service,Gurugram,Cyber Hub
1386,43,12/19/2025,10,15,Yes,320.52,Negative,Bad quality,Gurugram,Sohna Road
1387,37,12/26/2025,10,8,Yes,1113.21,Positive,Excellent service,Gurugram,Sohna Road
1388,28,12/27/2025,10,10,Yes,250.41,Positive,Excellent service,Gurugram,DLF Phase 3
1389,99,12/20/2025,10,8,Yes,608.16,Positive,Excellent service,Gurugram,Cyber Hub
1390,10,12/14/2025,10,10,Yes,407.88,Positive,Excellent service,Gurugram,Sector 45
1391,25,12/21/2025,10,20,Yes,810.1,Negative,Bad quality,Gurugram,Sector 45
1392,35,12/29/2025,10,10,Yes,305.96,Positive,Excellent service,Gurugram,DLF Phase 3
1393,25,12/17/2025,10,8,Yes,525.78,Positive,Excellent service,Gurugram,Cyber Hub
1394,96,12/22/2025,10,8,Yes,774.24,Positive,Excellent service,Gurugram,Cyber Hub
1395,32,1/4/2026,10,8,Yes,1120.69,Positive,Excellent service,Gurugram,Cyber Hub
1396,100,1/5/2026,10,8,Yes,772.18,Positive,Excellent service,Gurugram,Sohna Road
1397,6,12/27/2025,10,8,Yes,562.81,Positive,Excellent service,Gurugram,DLF Phase 3
1398,90,12/22/2025,10,8,Yes,793.63,Positive,Excellent service,Gurugram,Sector 45
1399,99,12/29/2025,10,25,Yes,969.5,Negative,Late,Gurugram,Sector 45
1400,43,12/4/2025,10,25,Yes,1162.87,Negative,Bad quality,Gurugram,Cyber Hub
1401,23,12/8/2025,10,8,Yes,712.58,Positive,Excellent service,Gurugram,Sector 45
1402,69,1/5/2026,10,8,Yes,563.16,Positive,Excellent service,Gurugram,Sector 45
1403,89,12/25/2025,10,15,Yes,695.58,Negative,Bad quality,Gurugram,Sector 45
1404,55,12/13/2025,10,8,Yes,709.57,Positive,Excellent service,Gurugram,Sohna Road
1405,46,12/27/2025,10,15,Yes,1113.5,Negative,Bad quality,Gurugram,Cyber Hub
1406,47,12/9/2025,10,10,Yes,315.6,Positive,Excellent service,Gurugram,Sector 45
1407,38,12/5/2025,10,10,Yes,521.93,Positive,Excellent service,Gurugram,Sector 45
1408,1,12/13/2025,10,20,Yes,475.87,Negative,Missing item,Gurugram,DLF Phase 3
1409,69,12/1/2025,10,20,Yes,394.57,Negative,Bad quality,Gurugram,Sector 45
1410,5,12/8/2025,10,8,Yes,957.44,Positive,Excellent service,Gurugram,DLF Phase 3
1411,41,12/1/2025,10,8,No,164.32,Negative,Excellent service,Gurugram,DLF Phase 3
1412,49,12/8/2025,10,8,Yes,427.59,Positive,Excellent service,Gurugram,Sohna Road
1413,41,12/29/2025,10,8,Yes,184.51,Positive,Excellent service,Gurugram,Sohna Road
1414,4,1/5/2026,10,20,Yes,1155.43,Negative,Missing item,Gurugram,DLF Phase 3
1415,24,12/10/2025,10,10,Yes,266.08,Positive,Excellent service,Gurugram,Sohna Road
1416,86,12/9/2025,10,8,Yes,521.62,Positive,Excellent service,Gurugram,DLF Phase 3
1417,6,12/8/2025,10,10,Yes,429.61,Positive,Excellent service,Gurugram,Sohna Road
1418,33,12/25/2025,10,10,Yes,157.99,Positive,Excellent service,Gurugram,Sohna Road
1419,52,12/7/2025,10,10,Yes,174.56,Positive,Excellent service,Gurugram,DLF Phase 3
1420,7,12/1/2025,10,8,Yes,1014.11,Positive,Excellent service,Gurugram,DLF Phase 3
1421,57,12/21/2025,10,8,Yes,1028.04,Positive,Excellent service,Gurugram,DLF Phase 3
1422,19,12/4/2025,10,15,Yes,245.62,Negative,Bad quality,Gurugram,Cyber Hub
1423,77,12/18/2025,10,10,No,161.39,Negative,Excellent service,Gurugram,Sohna Road
1424,73,12/30/2025,10,10,Yes,334.36,Positive,Excellent service,Gurugram,Sector 45
1425,9,12/1/2025,10,10,Yes,581.98,Positive,Excellent service,Gurugram,Sohna Road
1426,54,12/24/2025,10,20,Yes,299.68,Negative,Missing item,Gurugram,Sohna Road
1427,78,12/24/2025,10,10,Yes,737.95,Positive,Excellent service,Gurugram,Sector 45
1428,63,12/16/2025,10,10,Yes,1188.84,Positive,Excellent service,Gurugram,Sohna Road
1429,89,12/3/2025,10,10,No,826.48,Negative,Excellent service,Gurugram,Sohna Road
1430,79,12/13/2025,10,8,Yes,991.44,Positive,Excellent service,Gurugram,Cyber Hub
1431,61,12/9/2025,10,20,Yes,649.69,Negative,Missing item,Gurugram,Sector 45
1432,27,12/10/2025,10,15,Yes,869.38,Negative,Late,Gurugram,Cyber Hub
1433,43,12/3/2025,10,15,Yes,825.97,Negative,Missing item,Gurugram,Cyber Hub
1434,69,12/30/2025,10,8,Yes,682.62,Positive,Excellent service,Gurugram,Cyber Hub
1435,56,12/26/2025,10,10,Yes,1055.91,Positive,Excellent service,Gurugram,Sector 45
1436,1,12/28/2025,10,10,Yes,862.3,Positive,Excellent service,Gurugram,DLF Phase 3
1437,50,12/15/2025,10,8,No,963.27,Negative,Excellent service,Gurugram,Cyber Hub
1438,64,12/18/2025,10,15,Yes,513.84,Negative,Missing item,Gurugram,Sector 45
1439,74,12/24/2025,10,10,Yes,803.31,Positive,Excellent service,Gurugram,Sohna Road
1440,85,1/3/2026,10,10,Yes,278.75,Positive,Excellent service,Gurugram,Cyber Hub
1441,76,12/9/2025,10,10,Yes,452.95,Positive,Excellent service,Gurugram,Sector 45
1442,37,12/12/2025,10,10,Yes,261.94,Positive,Excellent service,Gurugram,Sector 45
1443,3,12/9/2025,10,20,Yes,400.84,Negative,Late,Gurugram,Sohna Road
1444,32,12/12/2025,10,15,Yes,257.29,Negative,Bad quality,Gurugram,DLF Phase 3
1445,84,1/4/2026,10,25,Yes,1184.09,Negative,Bad quality,Gurugram,Sohna Road
1446,62,12/14/2025,10,10,Yes,830.92,Positive,Excellent service,Gurugram,Sector 45
1447,1,12/15/2025,10,10,No,993.5,Negative,Excellent service,Gurugram,Sector 45
1448,26,12/5/2025,10,25,Yes,415.84,Negative,Bad quality,Gurugram,Cyber Hub
1449,13,12/9/2025,10,10,Yes,511.91,Positive,Excellent service,Gurugram,Sector 45
1450,61,1/1/2026,10,10,Yes,279.71,Positive,Excellent service,Gurugram,Sohna Road
1451,37,12/17/2025,10,8,Yes,641.95,Positive,Excellent service,Gurugram,Cyber Hub
1452,30,12/18/2025,10,10,Yes,997.67,Positive,Excellent service,Gurugram,Sohna Road
1453,87,12/25/2025,10,8,Yes,1165.93,Positive,Excellent service,Gurugram,Cyber Hub
1454,66,12/25/2025,10,15,Yes,1003.78,Negative,Bad quality,Gurugram,DLF Phase 3
1455,58,12/22/2025,10,10,Yes,582.62,Positive,Excellent service,Gurugram,Cyber Hub
1456,65,1/2/2026,10,8,Yes,661.76,Positive,Excellent service,Gurugram,Cyber Hub
1457,32,12/20/2025,10,10,Yes,453.78,Positive,Excellent service,Gurugram,Sector 45
1458,24,12/3/2025,10,25,Yes,725.62,Negative,Missing item,Gurugram,DLF Phase 3
1459,91,1/1/2026,10,8,No,457.8,Negative,Excellent service,Gurugram,Sohna Road
1460,33,12/21/2025,10,8,Yes,194.15,Positive,Excellent service,Gurugram,DLF Phase 3
1461,40,12/31/2025,10,8,Yes,1148.45,Positive,Excellent service,Gurugram,Sohna Road
1462,69,12/4/2025,10,15,Yes,717.62,Negative,Bad quality,Gurugram,DLF Phase 3
1463,81,12/19/2025,10,10,Yes,1085.42,Positive,Excellent service,Gurugram,DLF Phase 3
1464,36,12/1/2025,10,10,Yes,634.21,Positive,Excellent service,Gurugram,Sector 45
1465,93,12/3/2025,10,10,Yes,233.66,Positive,Excellent service,Gurugram,Cyber Hub
1466,60,1/3/2026,10,10,Yes,726.9,Positive,Excellent service,Gurugram,DLF Phase 3
1467,71,1/7/2026,10,8,No,203.45,Negative,Excellent service,Gurugram,Sector 45
1468,76,12/7/2025,10,20,No,787.51,Negative,Bad quality,Gurugram,Sector 45
1469,78,12/5/2025,10,10,No,899.3,Negative,Excellent service,Gurugram,Sector 45
1470,16,12/30/2025,10,15,Yes,659.43,Negative,Bad quality,Gurugram,DLF Phase 3
1471,31,1/6/2026,10,8,Yes,863.42,Positive,Excellent service,Gurugram,Sohna Road
1472,18,12/31/2025,10,8,Yes,369.85,Positive,Excellent service,Gurugram,Sector 45
1473,6,12/16/2025,10,10,Yes,780.8,Positive,Excellent service,Gurugram,Sector 45
1474,50,12/15/2025,10,10,Yes,1190.17,Positive,Excellent service,Gurugram,Sector 45
1475,8,12/6/2025,10,10,No,853.47,Negative,Excellent service,Gurugram,Sector 45
1476,58,12/19/2025,10,8,Yes,870.49,Positive,Excellent service,Gurugram,Cyber Hub
1477,61,12/4/2025,10,10,Yes,562.61,Positive,Excellent service,Gurugram,Sohna Road
1478,24,12/24/2025,10,10,Yes,613.45,Positive,Excellent service,Gurugram,Sohna Road
1479,16,1/7/2026,10,15,No,375.58,Negative,Missing item,Gurugram,Sohna Road
1480,82,12/21/2025,10,15,Yes,1149.33,Negative,Late,Gurugram,Sector 45
1481,82,12/29/2025,10,10,Yes,530.38,Positive,Excellent service,Gurugram,Sector 45
1482,16,12/12/2025,10,10,Yes,706.68,Positive,Excellent service,Gurugram,Sohna Road
1483,65,1/6/2026,10,10,No,602.41,Negative,Excellent service,Gurugram,Cyber Hub
1484,74,1/4/2026,10,8,Yes,259.23,Positive,Excellent service,Gurugram,Sector 45
1485,12,1/4/2026,10,10,Yes,331.88,Positive,Excellent service,Gurugram,Cyber Hub
1486,81,1/4/2026,10,10,Yes,529.2,Positive,Excellent service,Gurugram,Sector 45
1487,98,12/8/2025,10,10,Yes,1086.89,Positive,Excellent service,Gurugram,Cyber Hub
1488,4,12/26/2025,10,10,Yes,801.79,Positive,Excellent service,Gurugram,Sector 45
1489,68,12/6/2025,10,8,Yes,671.08,Positive,Excellent service,Gurugram,Sohna Road
1490,66,12/3/2025,10,10,No,255.58,Negative,Excellent service,Gurugram,DLF Phase 3
1491,7,12/18/2025,10,15,Yes,307.36,Negative,Late,Gurugram,Cyber Hub
1492,20,12/12/2025,10,8,Yes,1069.8,Positive,Excellent service,Gurugram,DLF Phase 3
1493,40,12/8/2025,10,8,Yes,1196.6,Positive,Excellent service,Gurugram,DLF Phase 3
1494,52,1/4/2026,10,8,No,317.79,Negative,Excellent service,Gurugram,Sohna Road
1495,58,1/4/2026,10,10,Yes,212.52,Positive,Excellent service,Gurugram,Sector 45
1496,70,12/21/2025,10,8,Yes,464.24,Positive,Excellent service,Gurugram,Cyber Hub
1497,72,12/17/2025,10,10,Yes,321.16,Positive,Excellent service,Gurugram,Sohna Road
1498,1,12/1/2025,10,10,Yes,798.23,Positive,Excellent service,Gurugram,Sector 45
1499,12,12/31/2025,10,10,Yes,236.93,Positive,Excellent service,Gurugram,Sector 45
1500,26,1/3/2026,10,15,No,477.11,Negative,Missing item,Gurugram,Sohna Road
1501,72,12/11/2025,10,10,No,519.72,Negative,Excellent service,Gurugram,Sohna Road
1502,79,12/30/2025,10,10,Yes,408.42,Positive,Excellent service,Gurugram,Cyber Hub
1503,49,12/14/2025,10,15,Yes,535.34,Negative,Late,Gurugram,Sohna Road
1504,87,12/29/2025,10,15,Yes,684.32,Negative,Late,Gurugram,Sohna Road
1505,19,12/25/2025,10,10,Yes,262.84,Positive,Excellent service,Gurugram,Sohna Road
1506,39,12/19/2025,10,8,Yes,1062.69,Positive,Excellent service,Gurugram,DLF Phase 3
1507,54,1/3/2026,10,8,Yes,162.73,Positive,Excellent service,Gurugram,DLF Phase 3
1508,2,12/29/2025,10,8,Yes,291.42,Positive,Excellent service,Gurugram,Sector 45
1509,92,12/19/2025,10,15,Yes,764.25,Negative,Bad quality,Gurugram,Cyber Hub
1510,19,12/27/2025,10,8,Yes,231.77,Positive,Excellent service,Gurugram,DLF Phase 3
1511,35,12/13/2025,10,15,Yes,511.53,Negative,Late,Gurugram,Cyber Hub
1512,48,1/3/2026,10,10,Yes,1136.49,Positive,Excellent service,Gurugram,Sohna Road
1513,84,12/3/2025,10,15,Yes,947.35,Negative,Bad quality,Gurugram,Sohna Road
1514,22,12/9/2025,10,10,Yes,890.8,Positive,Excellent service,Gurugram,Cyber Hub
1515,30,12/1/2025,10,10,Yes,634.25,Positive,Excellent service,Gurugram,Sector 45
1516,34,1/5/2026,10,10,Yes,197.1,Positive,Excellent service,Gurugram,Sector 45
1517,75,1/6/2026,10,15,No,577.75,Negative,Missing item,Gurugram,DLF Phase 3
1518,86,12/22/2025,10,8,Yes,532.06,Positive,Excellent service,Gurugram,Sector 45
1519,69,12/29/2025,10,10,Yes,1019.03,Positive,Excellent service,Gurugram,Sector 45
1520,89,12/16/2025,10,25,No,1019.88,Negative,Late,Gurugram,Cyber Hub
1521,52,12/11/2025,10,10,Yes,860.67,Positive,Excellent service,Gurugram,Sector 45
1522,45,12/23/2025,10,10,Yes,1013.21,Positive,Excellent service,Gurugram,DLF Phase 3
1523,73,12/20/2025,10,8,Yes,1157.11,Positive,Excellent service,Gurugram,Sohna Road
1524,48,12/6/2025,10,20,Yes,844.25,Negative,Missing item,Gurugram,Sector 45
1525,56,12/5/2025,10,25,Yes,233.63,Negative,Bad quality,Gurugram,Cyber Hub
1526,67,12/15/2025,10,20,Yes,657.31,Negative,Bad quality,Gurugram,Cyber Hub
1527,8,12/18/2025,10,25,Yes,1038.61,Negative,Late,Gurugram,Sohna Road
1528,39,12/9/2025,10,15,Yes,413.59,Negative,Bad quality,Gurugram,Sohna Road
1529,88,12/1/2025,10,8,No,739.23,Negative,Excellent service,Gurugram,Sohna Road
1530,75,1/1/2026,10,10,Yes,851.15,Positive,Excellent service,Gurugram,Sector 45
1531,84,1/4/2026,10,15,Yes,922.54,Negative,Bad quality,Gurugram,DLF Phase 3
1532,34,1/2/2026,10,10,No,938.28,Negative,Excellent service,Gurugram,DLF Phase 3
1533,41,12/3/2025,10,8,Yes,945.13,Positive,Excellent service,Gurugram,Sohna Road
1534,67,12/22/2025,10,10,Yes,670.9,Positive,Excellent service,Gurugram,Sector 45
1535,35,12/11/2025,10,8,Yes,1139.46,Positive,Excellent service,Gurugram,Cyber Hub
1536,22,12/6/2025,10,10,Yes,492.94,Positive,Excellent service,Gurugram,Sector 45
1537,2,12/14/2025,10,20,Yes,184.85,Negative,Late,Gurugram,Cyber Hub
1538,97,12/18/2025,10,20,Yes,984.72,Negative,Missing item,Gurugram,DLF Phase 3
1539,51,12/1/2025,10,10,Yes,301.3,Positive,Excellent service,Gurugram,DLF Phase 3
1540,45,12/29/2025,10,8,Yes,207.34,Positive,Excellent service,Gurugram,Cyber Hub
1541,2,12/8/2025,10,10,Yes,1017.23,Positive,Excellent service,Gurugram,Sohna Road
1542,11,12/1/2025,10,10,Yes,591.19,Positive,Excellent service,Gurugram,Sector 45
1543,78,1/1/2026,10,8,No,831.94,Negative,Excellent service,Gurugram,Sohna Road
1544,34,12/17/2025,10,10,Yes,1016.06,Positive,Excellent service,Gurugram,Sector 45
1545,86,12/15/2025,10,10,Yes,256.82,Positive,Excellent service,Gurugram,Cyber Hub
1546,12,12/29/2025,10,20,No,544.3,Negative,Late,Gurugram,DLF Phase 3
1547,4,1/6/2026,10,10,Yes,1022.93,Positive,Excellent service,Gurugram,Sohna Road
1548,96,12/31/2025,10,10,No,636.89,Negative,Excellent service,Gurugram,DLF Phase 3
1549,93,12/3/2025,10,10,Yes,1040.37,Positive,Excellent service,Gurugram,Sector 45
1550,56,1/4/2026,10,15,Yes,485.74,Negative,Bad quality,Gurugram,Cyber Hub
1551,71,1/6/2026,10,10,Yes,501.47,Positive,Excellent service,Gurugram,Cyber Hub
1552,70,12/9/2025,10,10,No,186.35,Negative,Excellent service,Gurugram,Sohna Road
1553,7,12/11/2025,10,8,Yes,259.82,Positive,Excellent service,Gurugram,Sohna Road
1554,25,12/14/2025,10,10,No,177.18,Negative,Excellent service,Gurugram,Sohna Road
1555,19,12/14/2025,10,10,No,435.6,Negative,Excellent service,Gurugram,Sohna Road
1556,59,12/7/2025,10,8,No,687.94,Negative,Excellent service,Gurugram,Cyber Hub
1557,38,12/16/2025,10,10,Yes,880.56,Positive,Excellent service,Gurugram,Cyber Hub
1558,40,12/18/2025,10,25,Yes,980.39,Negative,Late,Gurugram,DLF Phase 3
1559,100,12/23/2025,10,8,Yes,1007.15,Positive,Excellent service,Gurugram,DLF Phase 3
1560,15,12/16/2025,10,20,Yes,988.8,Negative,Missing item,Gurugram,DLF Phase 3
1561,92,12/30/2025,10,8,Yes,627.76,Positive,Excellent service,Gurugram,DLF Phase 3
1562,75,12/23/2025,10,10,Yes,1078.09,Positive,Excellent service,Gurugram,DLF Phase 3
1563,70,12/20/2025,10,10,Yes,1124.13,Positive,Excellent service,Gurugram,Sector 45
1564,72,12/30/2025,10,10,Yes,921.96,Positive,Excellent service,Gurugram,Cyber Hub
1565,50,12/26/2025,10,10,Yes,1097.9,Positive,Excellent service,Gurugram,Cyber Hub
1566,77,1/3/2026,10,25,Yes,1017.23,Negative,Late,Gurugram,DLF Phase 3
1567,21,12/23/2025,10,10,Yes,1000.58,Positive,Excellent service,Gurugram,Sector 45
1568,11,12/10/2025,10,10,No,388.44,Negative,Excellent service,Gurugram,DLF Phase 3
1569,21,12/31/2025,10,25,Yes,713.71,Negative,Bad quality,Gurugram,Sector 45
1570,59,12/11/2025,10,20,Yes,1037.46,Negative,Bad quality,Gurugram,Sohna Road
1571,33,1/2/2026,10,8,No,803.58,Negative,Excellent service,Gurugram,Sohna Road
1572,79,12/27/2025,10,10,Yes,756.05,Positive,Excellent service,Gurugram,Sector 45
1573,99,12/1/2025,10,10,Yes,835.94,Positive,Excellent service,Gurugram,Sohna Road
1574,69,1/5/2026,10,20,Yes,463.5,Negative,Late,Gurugram,DLF Phase 3
1575,18,12/21/2025,10,10,Yes,316.87,Positive,Excellent service,Gurugram,Cyber Hub
1576,76,12/1/2025,10,8,Yes,1079.77,Positive,Excellent service,Gurugram,Cyber Hub
1577,4,12/16/2025,10,15,Yes,596.52,Negative,Late,Gurugram,Sector 45
1578,82,12/30/2025,10,8,Yes,951.14,Positive,Excellent service,Gurugram,Cyber Hub
1579,37,12/15/2025,10,8,Yes,425.87,Positive,Excellent service,Gurugram,Cyber Hub
1580,45,1/6/2026,10,8,Yes,266.33,Positive,Excellent service,Gurugram,Cyber Hub
1581,32,12/11/2025,10,8,No,497.16,Negative,Excellent service,Gurugram,DLF Phase 3
1582,20,12/29/2025,10,10,Yes,462.39,Positive,Excellent service,Gurugram,DLF Phase 3
1583,64,12/27/2025,10,8,Yes,724.82,Positive,Excellent service,Gurugram,Sector 45
1584,75,12/20/2025,10,20,Yes,823.47,Negative,Late,Gurugram,Sector 45
1585,95,12/17/2025,10,10,Yes,631.51,Positive,Excellent service,Gurugram,Cyber Hub
1586,7,12/31/2025,10,15,Yes,961.75,Negative,Late,Gurugram,Cyber Hub
1587,6,1/4/2026,10,20,Yes,891.93,Negative,Late,Gurugram,DLF Phase 3
1588,65,1/4/2026,10,10,Yes,410.05,Positive,Excellent service,Gurugram,Cyber Hub
1589,73,12/19/2025,10,10,Yes,938.59,Positive,Excellent service,Gurugram,Sector 45
1590,36,12/26/2025,10,10,No,312.7,Negative,Excellent service,Gurugram,Sector 45
1591,46,12/8/2025,10,8,Yes,276.97,Positive,Excellent service,Gurugram,Cyber Hub
1592,56,12/8/2025,10,8,Yes,339.13,Positive,Excellent service,Gurugram,Cyber Hub
1593,43,12/10/2025,10,10,Yes,1165.01,Positive,Excellent service,Gurugram,DLF Phase 3
1594,65,12/13/2025,10,10,Yes,265.41,Positive,Excellent service,Gurugram,Cyber Hub
1595,46,12/5/2025,10,10,Yes,528.97,Positive,Excellent service,Gurugram,DLF Phase 3
1596,71,12/27/2025,10,15,Yes,311.82,Negative,Late,Gurugram,Cyber Hub
1597,13,12/9/2025,10,8,Yes,469.34,Positive,Excellent service,Gurugram,Sohna Road
1598,98,12/14/2025,10,10,Yes,301.22,Positive,Excellent service,Gurugram,Cyber Hub
1599,11,1/5/2026,10,8,Yes,180.83,Positive,Excellent service,Gurugram,Cyber Hub
1600,90,12/19/2025,10,8,Yes,302.03,Positive,Excellent service,Gurugram,DLF Phase 3
1601,85,12/6/2025,10,10,Yes,250.66,Positive,Excellent service,Gurugram,Sohna Road
1602,47,12/22/2025,10,15,Yes,1098.62,Negative,Missing item,Gurugram,Sohna Road
1603,25,1/2/2026,10,8,No,673.54,Negative,Excellent service,Gurugram,Cyber Hub
1604,67,1/3/2026,10,10,No,688.16,Negative,Excellent service,Gurugram,DLF Phase 3
1605,23,12/16/2025,10,15,Yes,799.57,Negative,Bad quality,Gurugram,DLF Phase 3
1606,12,12/11/2025,10,10,Yes,640.35,Positive,Excellent service,Gurugram,Sector 45
1607,53,12/23/2025,10,10,No,1068.01,Negative,Excellent service,Gurugram,Sector 45
1608,41,12/11/2025,10,8,Yes,245.7,Positive,Excellent service,Gurugram,Cyber Hub
1609,82,12/22/2025,10,10,Yes,927.34,Positive,Excellent service,Gurugram,Cyber Hub
1610,36,12/5/2025,10,8,Yes,580.95,Positive,Excellent service,Gurugram,Sector 45
1611,84,12/27/2025,10,8,Yes,399.72,Positive,Excellent service,Gurugram,Sohna Road
1612,39,12/31/2025,10,10,Yes,794.61,Positive,Excellent service,Gurugram,Sector 45
1613,19,12/4/2025,10,10,Yes,496.41,Positive,Excellent service,Gurugram,Sector 45
1614,80,1/1/2026,10,20,Yes,1011.28,Negative,Bad quality,Gurugram,Sector 45
1615,28,12/10/2025,10,8,Yes,773.74,Positive,Excellent service,Gurugram,Sector 45
1616,51,1/2/2026,10,15,Yes,192.74,Negative,Missing item,Gurugram,Sector 45
1617,4,12/6/2025,10,8,Yes,342.21,Positive,Excellent service,Gurugram,Sohna Road
1618,36,12/30/2025,10,20,Yes,1110.82,Negative,Late,Gurugram,Sohna Road
1619,68,12/4/2025,10,8,Yes,454.55,Positive,Excellent service,Gurugram,Cyber Hub
1620,25,1/4/2026,10,15,Yes,953.3,Negative,Bad quality,Gurugram,DLF Phase 3
1621,54,12/13/2025,10,15,Yes,834.37,Negative,Bad quality,Gurugram,Sohna Road
1622,95,1/2/2026,10,20,Yes,605.11,Negative,Bad quality,Gurugram,Sector 45
1623,100,12/9/2025,10,8,Yes,505.83,Positive,Excellent service,Gurugram,Sohna Road
1624,61,12/27/2025,10,10,Yes,790.78,Positive,Excellent service,Gurugram,Cyber Hub
1625,11,1/1/2026,10,15,Yes,751.99,Negative,Late,Gurugram,DLF Phase 3
1626,37,12/19/2025,10,8,Yes,443.32,Positive,Excellent service,Gurugram,Cyber Hub
1627,14,12/12/2025,10,20,Yes,179.65,Negative,Missing item,Gurugram,DLF Phase 3
1628,10,12/23/2025,10,8,Yes,892.16,Positive,Excellent service,Gurugram,Sector 45
1629,5,12/12/2025,10,10,Yes,997.27,Positive,Excellent service,Gurugram,DLF Phase 3
1630,28,12/10/2025,10,20,Yes,743,Negative,Late,Gurugram,Sector 45
1631,76,12/1/2025,10,10,Yes,401.74,Positive,Excellent service,Gurugram,Sohna Road
1632,96,12/4/2025,10,10,Yes,245.36,Positive,Excellent service,Gurugram,Cyber Hub
1633,75,12/4/2025,10,25,Yes,522.3,Negative,Missing item,Gurugram,Sohna Road
1634,9,1/4/2026,10,10,Yes,428.37,Positive,Excellent service,Gurugram,DLF Phase 3
1635,1,1/2/2026,10,8,Yes,249.09,Positive,Excellent service,Gurugram,Cyber Hub
1636,96,12/1/2025,10,20,Yes,1078.47,Negative,Missing item,Gurugram,Sector 45
1637,20,12/23/2025,10,8,Yes,1053.08,Positive,Excellent service,Gurugram,Sohna Road
1638,91,1/5/2026,10,15,Yes,731.68,Negative,Late,Gurugram,DLF Phase 3
1639,83,12/20/2025,10,15,Yes,754.76,Negative,Bad quality,Gurugram,Sector 45
1640,13,1/2/2026,10,10,No,906.91,Negative,Excellent service,Gurugram,Cyber Hub
1641,9,12/11/2025,10,10,Yes,1053.98,Positive,Excellent service,Gurugram,Sector 45
1642,98,12/1/2025,10,8,No,884.48,Negative,Excellent service,Gurugram,Sector 45
1643,80,12/1/2025,10,10,Yes,272.38,Positive,Excellent service,Gurugram,Cyber Hub
1644,32,1/2/2026,10,8,Yes,353.01,Positive,Excellent service,Gurugram,Sohna Road
1645,35,12/23/2025,10,10,Yes,436.63,Positive,Excellent service,Gurugram,Sohna Road
1646,32,12/7/2025,10,8,Yes,523.17,Positive,Excellent service,Gurugram,Sector 45
1647,48,12/14/2025,10,10,Yes,507.12,Positive,Excellent service,Gurugram,DLF Phase 3
1648,31,12/26/2025,10,25,Yes,560.09,Negative,Late,Gurugram,Sector 45
1649,89,12/31/2025,10,10,Yes,1084.1,Positive,Excellent service,Gurugram,Cyber Hub
1650,44,1/2/2026,10,10,Yes,1190.5,Positive,Excellent service,Gurugram,Sohna Road
1651,59,12/21/2025,10,20,Yes,818.63,Negative,Bad quality,Gurugram,Sohna Road
1652,89,1/1/2026,10,15,Yes,900.58,Negative,Late,Gurugram,Cyber Hub
1653,67,1/1/2026,10,8,Yes,1081.43,Positive,Excellent service,Gurugram,Sector 45
1654,24,12/15/2025,10,10,No,263.68,Negative,Excellent service,Gurugram,DLF Phase 3
1655,44,12/27/2025,10,10,No,378.49,Negative,Excellent service,Gurugram,DLF Phase 3
1656,73,12/5/2025,10,10,Yes,305.89,Positive,Excellent service,Gurugram,Cyber Hub
1657,76,1/5/2026,10,15,Yes,572.82,Negative,Missing item,Gurugram,Sector 45
1658,78,12/22/2025,10,10,No,353.36,Negative,Excellent service,Gurugram,Cyber Hub
1659,64,12/3/2025,10,10,Yes,769.91,Positive,Excellent service,Gurugram,DLF Phase 3
1660,41,12/28/2025,10,15,Yes,649.16,Negative,Late,Gurugram,Sohna Road
1661,40,1/7/2026,10,10,Yes,176.02,Positive,Excellent service,Gurugram,DLF Phase 3
1662,88,12/3/2025,10,10,No,623.4,Negative,Excellent service,Gurugram,Sector 45
1663,4,12/30/2025,10,10,Yes,851.29,Positive,Excellent service,Gurugram,Sector 45
1664,32,12/18/2025,10,15,Yes,557.04,Negative,Bad quality,Gurugram,Cyber Hub
1665,89,12/24/2025,10,10,Yes,845.07,Positive,Excellent service,Gurugram,Cyber Hub
1666,6,12/6/2025,10,8,Yes,220.57,Positive,Excellent service,Gurugram,DLF Phase 3
1667,33,12/27/2025,10,10,Yes,284.09,Positive,Excellent service,Gurugram,Cyber Hub
1668,19,1/6/2026,10,10,No,1010.94,Negative,Excellent service,Gurugram,DLF Phase 3
1669,72,12/21/2025,10,15,Yes,684.58,Negative,Late,Gurugram,Sohna Road
1670,62,12/12/2025,10,15,Yes,278.68,Negative,Late,Gurugram,Sector 45
1671,41,12/11/2025,10,25,Yes,591.09,Negative,Late,Gurugram,DLF Phase 3
1672,73,12/29/2025,10,10,Yes,467.26,Positive,Excellent service,Gurugram,Sector 45
1673,59,12/31/2025,10,25,Yes,1168.23,Negative,Bad quality,Gurugram,Sohna Road
1674,26,12/11/2025,10,10,Yes,224.25,Positive,Excellent service,Gurugram,Sector 45
1675,78,12/30/2025,10,8,Yes,746.38,Positive,Excellent service,Gurugram,Sohna Road
1676,98,1/1/2026,10,20,Yes,642.15,Negative,Missing item,Gurugram,DLF Phase 3
1677,44,12/9/2025,10,8,Yes,818.59,Positive,Excellent service,Gurugram,Cyber Hub
1678,74,12/6/2025,10,10,No,1037.24,Negative,Excellent service,Gurugram,Cyber Hub
1679,74,12/10/2025,10,20,Yes,727.26,Negative,Bad quality,Gurugram,Cyber Hub
1680,40,1/5/2026,10,10,No,826.73,Negative,Excellent service,Gurugram,Cyber Hub
1681,7,12/9/2025,10,20,Yes,1050.21,Negative,Missing item,Gurugram,Cyber Hub
1682,27,12/10/2025,10,25,Yes,563.82,Negative,Late,Gurugram,Sohna Road
1683,37,12/7/2025,10,8,Yes,822.62,Positive,Excellent service,Gurugram,DLF Phase 3
1684,93,12/5/2025,10,8,Yes,188.61,Positive,Excellent service,Gurugram,Sector 45
1685,98,1/1/2026,10,8,Yes,1013.66,Positive,Excellent service,Gurugram,Sohna Road
1686,28,1/4/2026,10,10,Yes,1137.31,Positive,Excellent service,Gurugram,Sohna Road
1687,84,12/5/2025,10,10,Yes,314.82,Positive,Excellent service,Gurugram,Sector 45
1688,32,12/22/2025,10,20,Yes,240.33,Negative,Bad quality,Gurugram,Sector 45
1689,60,12/19/2025,10,8,Yes,959.53,Positive,Excellent service,Gurugram,Sector 45
1690,32,12/16/2025,10,10,Yes,868.08,Positive,Excellent service,Gurugram,Cyber Hub
1691,85,12/25/2025,10,15,Yes,762.59,Negative,Missing item,Gurugram,Sohna Road
1692,28,12/20/2025,10,10,Yes,973.58,Positive,Excellent service,Gurugram,DLF Phase 3
1693,100,12/28/2025,10,10,Yes,489.95,Positive,Excellent service,Gurugram,Cyber Hub
1694,30,12/5/2025,10,8,Yes,658.2,Positive,Excellent service,Gurugram,Cyber Hub
1695,5,1/2/2026,10,10,Yes,472.03,Positive,Excellent service,Gurugram,Sohna Road
1696,75,1/3/2026,10,10,Yes,731.6,Positive,Excellent service,Gurugram,Sector 45
1697,30,12/21/2025,10,10,Yes,1067.04,Positive,Excellent service,Gurugram,Sector 45
1698,97,12/3/2025,10,8,Yes,1074.05,Positive,Excellent service,Gurugram,Sohna Road
1699,81,12/16/2025,10,15,Yes,277.64,Negative,Bad quality,Gurugram,Sector 45
1700,78,1/1/2026,10,15,Yes,616.6,Negative,Bad quality,Gurugram,Sohna Road
1701,38,12/5/2025,10,20,No,823.04,Negative,Late,Gurugram,Sohna Road
1702,28,12/11/2025,10,10,Yes,846.96,Positive,Excellent service,Gurugram,Cyber Hub
1703,79,12/21/2025,10,8,Yes,1041.66,Positive,Excellent service,Gurugram,DLF Phase 3
1704,61,12/25/2025,10,10,Yes,249.64,Positive,Excellent service,Gurugram,Cyber Hub
1705,38,12/16/2025,10,10,Yes,825.62,Positive,Excellent service,Gurugram,Cyber Hub
1706,70,12/4/2025,10,10,Yes,504.71,Positive,Excellent service,Gurugram,DLF Phase 3
1707,88,12/13/2025,10,8,No,1191.78,Negative,Excellent service,Gurugram,Cyber Hub
1708,26,12/31/2025,10,10,Yes,195.75,Positive,Excellent service,Gurugram,Sohna Road
1709,81,12/23/2025,10,8,Yes,216.89,Positive,Excellent service,Gurugram,Sohna Road
1710,75,1/4/2026,10,10,Yes,1051.24,Positive,Excellent service,Gurugram,Sector 45
1711,34,12/24/2025,10,20,Yes,920.86,Negative,Late,Gurugram,Sohna Road
1712,57,12/22/2025,10,10,Yes,1006.77,Positive,Excellent service,Gurugram,Sohna Road
1713,8,12/18/2025,10,15,No,583.85,Negative,Missing item,Gurugram,Sector 45
1714,56,1/5/2026,10,10,No,774.43,Negative,Excellent service,Gurugram,Sohna Road
1715,70,12/15/2025,10,15,Yes,1159.38,Negative,Bad quality,Gurugram,DLF Phase 3
1716,10,12/15/2025,10,10,Yes,811.69,Positive,Excellent service,Gurugram,Sector 45
1717,34,12/18/2025,10,8,No,169.15,Negative,Excellent service,Gurugram,DLF Phase 3
1718,70,12/12/2025,10,8,Yes,651.71,Positive,Excellent service,Gurugram,DLF Phase 3
1719,94,1/5/2026,10,15,Yes,695.25,Negative,Missing item,Gurugram,DLF Phase 3
1720,73,1/6/2026,10,20,Yes,492.22,Negative,Missing item,Gurugram,Sector 45
1721,68,12/15/2025,10,15,Yes,287.01,Negative,Late,Gurugram,Sohna Road
1722,20,12/29/2025,10,20,Yes,1042.69,Negative,Missing item,Gurugram,Cyber Hub
1723,14,12/5/2025,10,10,Yes,993.67,Positive,Excellent service,Gurugram,Sohna Road
1724,56,12/2/2025,10,8,Yes,391.54,Positive,Excellent service,Gurugram,Sohna Road
1725,56,12/15/2025,10,10,Yes,521.17,Positive,Excellent service,Gurugram,Cyber Hub
1726,88,12/7/2025,10,10,Yes,464.17,Positive,Excellent service,Gurugram,DLF Phase 3
1727,30,12/26/2025,10,15,Yes,472.5,Negative,Missing item,Gurugram,Sohna Road
1728,34,12/31/2025,10,15,Yes,843.6,Negative,Late,Gurugram,Sohna Road
1729,48,12/24/2025,10,15,No,500.25,Negative,Late,Gurugram,Sector 45
1730,64,12/2/2025,10,15,Yes,1105.21,Negative,Bad quality,Gurugram,Sector 45
1731,93,12/18/2025,10,25,No,991.46,Negative,Bad quality,Gurugram,Sector 45
1732,44,1/4/2026,10,8,Yes,1126.92,Positive,Excellent service,Gurugram,Cyber Hub
1733,3,12/23/2025,10,15,No,661.32,Negative,Late,Gurugram,Sohna Road
1734,72,1/1/2026,10,15,Yes,643.92,Negative,Bad quality,Gurugram,Sector 45
1735,13,12/21/2025,10,8,No,565.42,Negative,Excellent service,Gurugram,Sohna Road
1736,96,12/29/2025,10,8,Yes,760.84,Positive,Excellent service,Gurugram,Cyber Hub
1737,65,12/29/2025,10,10,Yes,702.46,Positive,Excellent service,Gurugram,Sector 45
1738,6,12/10/2025,10,10,Yes,488.92,Positive,Excellent service,Gurugram,Sohna Road
1739,73,1/7/2026,10,8,Yes,646.61,Positive,Excellent service,Gurugram,DLF Phase 3
1740,29,1/7/2026,10,20,Yes,447.96,Negative,Bad quality,Gurugram,DLF Phase 3
1741,57,12/10/2025,10,10,Yes,1027.95,Positive,Excellent service,Gurugram,Cyber Hub
1742,83,12/5/2025,10,10,Yes,310.56,Positive,Excellent service,Gurugram,DLF Phase 3
1743,30,12/20/2025,10,8,Yes,290.69,Positive,Excellent service,Gurugram,Sohna Road
1744,84,12/17/2025,10,10,Yes,1162.21,Positive,Excellent service,Gurugram,Sohna Road
1745,17,12/17/2025,10,8,No,555.61,Negative,Excellent service,Gurugram,Sohna Road
1746,100,12/27/2025,10,10,Yes,943.73,Positive,Excellent service,Gurugram,Cyber Hub
1747,15,12/26/2025,10,10,Yes,368.72,Positive,Excellent service,Gurugram,Sohna Road
1748,33,12/6/2025,10,8,Yes,999.42,Positive,Excellent service,Gurugram,Sector 45
1749,58,12/2/2025,10,25,Yes,1146.01,Negative,Bad quality,Gurugram,DLF Phase 3
1750,51,12/7/2025,10,8,Yes,1047.41,Positive,Excellent service,Gurugram,Sohna Road
1751,31,12/8/2025,10,8,Yes,560.42,Positive,Excellent service,Gurugram,Sohna Road
1752,95,12/16/2025,10,10,Yes,1112.73,Positive,Excellent service,Gurugram,Sector 45
1753,13,12/14/2025,10,10,Yes,482.18,Positive,Excellent service,Gurugram,Sector 45
1754,34,12/15/2025,10,8,Yes,794.86,Positive,Excellent service,Gurugram,Cyber Hub
1755,29,12/7/2025,10,10,Yes,366.51,Positive,Excellent service,Gurugram,DLF Phase 3
1756,73,1/6/2026,10,10,Yes,981.74,Positive,Excellent service,Gurugram,DLF Phase 3
1757,34,12/12/2025,10,15,No,351.86,Negative,Bad quality,Gurugram,Sector 45
1758,45,1/2/2026,10,8,Yes,649.4,Positive,Excellent service,Gurugram,DLF Phase 3
1759,32,12/22/2025,10,10,Yes,393.34,Positive,Excellent service,Gurugram,Sohna Road
1760,41,12/8/2025,10,8,Yes,280.64,Positive,Excellent service,Gurugram,Sohna Road
1761,68,12/13/2025,10,15,No,1109.28,Negative,Missing item,Gurugram,Cyber Hub
1762,55,12/22/2025,10,10,No,1037.92,Negative,Excellent service,Gurugram,Sector 45
1763,22,12/8/2025,10,8,Yes,347.54,Positive,Excellent service,Gurugram,Sector 45
1764,55,12/19/2025,10,8,Yes,511.15,Positive,Excellent service,Gurugram,Sector 45
1765,4,12/11/2025,10,8,Yes,870.46,Positive,Excellent service,Gurugram,Sohna Road
1766,10,12/11/2025,10,20,Yes,1157.46,Negative,Late,Gurugram,Sohna Road
1767,6,1/6/2026,10,8,Yes,1177.48,Positive,Excellent service,Gurugram,Sector 45
1768,34,12/10/2025,10,10,Yes,498.78,Positive,Excellent service,Gurugram,Cyber Hub
1769,66,12/28/2025,10,10,Yes,736.85,Positive,Excellent service,Gurugram,Sohna Road
1770,2,12/6/2025,10,10,Yes,740.16,Positive,Excellent service,Gurugram,Cyber Hub
1771,70,12/18/2025,10,10,Yes,1073.46,Positive,Excellent service,Gurugram,Cyber Hub
1772,98,12/4/2025,10,10,Yes,761.43,Positive,Excellent service,Gurugram,DLF Phase 3
1773,1,12/2/2025,10,8,Yes,978.94,Positive,Excellent service,Gurugram,Cyber Hub
1774,62,12/21/2025,10,10,Yes,833.27,Positive,Excellent service,Gurugram,DLF Phase 3
1775,49,12/23/2025,10,8,Yes,291.3,Positive,Excellent service,Gurugram,Sector 45
1776,92,1/2/2026,10,20,Yes,405.8,Negative,Missing item,Gurugram,Cyber Hub
1777,14,12/15/2025,10,8,Yes,860.62,Positive,Excellent service,Gurugram,DLF Phase 3
1778,25,12/11/2025,10,10,Yes,1135.65,Positive,Excellent service,Gurugram,Sohna Road
1779,68,12/8/2025,10,10,Yes,1159.21,Positive,Excellent service,Gurugram,Sector 45
1780,39,12/24/2025,10,25,Yes,439.01,Negative,Late,Gurugram,Sector 45
1781,41,12/22/2025,10,20,Yes,496.93,Negative,Bad quality,Gurugram,DLF Phase 3
1782,20,12/29/2025,10,15,Yes,641.29,Negative,Bad quality,Gurugram,Sohna Road
1783,80,12/27/2025,10,10,Yes,331.21,Positive,Excellent service,Gurugram,DLF Phase 3
1784,69,12/19/2025,10,15,Yes,163.87,Negative,Missing item,Gurugram,Sector 45
1785,44,1/7/2026,10,15,Yes,215.12,Negative,Late,Gurugram,DLF Phase 3
1786,22,1/3/2026,10,15,No,346.49,Negative,Missing item,Gurugram,Sector 45
1787,84,12/16/2025,10,25,Yes,961.37,Negative,Late,Gurugram,Sohna Road
1788,44,1/6/2026,10,8,Yes,1175.4,Positive,Excellent service,Gurugram,Sohna Road
1789,94,12/12/2025,10,25,Yes,989,Negative,Missing item,Gurugram,Cyber Hub
1790,100,12/23/2025,10,25,Yes,810.72,Negative,Late,Gurugram,Cyber Hub
1791,14,1/3/2026,10,10,Yes,1097.38,Positive,Excellent service,Gurugram,DLF Phase 3
1792,30,12/16/2025,10,10,Yes,739.12,Positive,Excellent service,Gurugram,Sector 45
1793,44,12/24/2025,10,8,Yes,1038.27,Positive,Excellent service,Gurugram,DLF Phase 3
1794,77,1/7/2026,10,15,Yes,574.11,Negative,Late,Gurugram,Sector 45
1795,73,12/15/2025,10,10,Yes,598.45,Positive,Excellent service,Gurugram,Sohna Road
1796,35,12/30/2025,10,10,Yes,387.87,Positive,Excellent service,Gurugram,Sector 45
1797,98,1/1/2026,10,8,Yes,348.2,Positive,Excellent service,Gurugram,Sector 45
1798,61,12/10/2025,10,10,Yes,700.63,Positive,Excellent service,Gurugram,DLF Phase 3
1799,41,12/19/2025,10,20,Yes,517.22,Negative,Late,Gurugram,DLF Phase 3
1800,21,12/17/2025,10,10,Yes,931.06,Positive,Excellent service,Gurugram,Cyber Hub
1801,10,12/31/2025,10,8,Yes,382.11,Positive,Excellent service,Gurugram,Sohna Road
1802,55,12/11/2025,10,10,Yes,976.54,Positive,Excellent service,Gurugram,DLF Phase 3
1803,1,12/12/2025,10,15,Yes,604.13,Negative,Bad quality,Gurugram,Sohna Road
1804,95,1/5/2026,10,10,Yes,507.63,Positive,Excellent service,Gurugram,Sector 45
1805,43,12/21/2025,10,20,Yes,358.32,Negative,Late,Gurugram,Sohna Road
1806,54,1/1/2026,10,15,Yes,505.12,Negative,Bad quality,Gurugram,Sector 45
1807,40,12/18/2025,10,10,Yes,1019.83,Positive,Excellent service,Gurugram,DLF Phase 3
1808,76,12/5/2025,10,8,Yes,791.31,Positive,Excellent service,Gurugram,Cyber Hub
1809,6,12/9/2025,10,8,Yes,458.57,Positive,Excellent service,Gurugram,Cyber Hub
1810,41,1/5/2026,10,8,Yes,1091.37,Positive,Excellent service,Gurugram,Sohna Road
1811,44,12/1/2025,10,8,Yes,544.64,Positive,Excellent service,Gurugram,Sector 45
1812,77,12/8/2025,10,10,Yes,310.82,Positive,Excellent service,Gurugram,Sector 45
1813,43,12/21/2025,10,10,Yes,1197.95,Positive,Excellent service,Gurugram,Cyber Hub
1814,22,1/4/2026,10,15,Yes,1018.29,Negative,Bad quality,Gurugram,Sohna Road
1815,70,1/5/2026,10,10,Yes,527.76,Positive,Excellent service,Gurugram,Sohna Road
1816,89,12/20/2025,10,25,No,156.23,Negative,Late,Gurugram,Cyber Hub
1817,38,12/27/2025,10,8,Yes,279.04,Positive,Excellent service,Gurugram,Sector 45
1818,6,12/13/2025,10,8,Yes,1051.67,Positive,Excellent service,Gurugram,Sohna Road
1819,93,12/18/2025,10,10,Yes,1042.14,Positive,Excellent service,Gurugram,DLF Phase 3
1820,53,12/8/2025,10,8,Yes,734.5,Positive,Excellent service,Gurugram,Sohna Road
1821,93,12/5/2025,10,15,Yes,515.83,Negative,Bad quality,Gurugram,DLF Phase 3
1822,90,1/2/2026,10,10,Yes,905.66,Positive,Excellent service,Gurugram,Sector 45
1823,19,12/29/2025,10,10,Yes,489.79,Positive,Excellent service,Gurugram,DLF Phase 3
1824,82,12/7/2025,10,15,Yes,228.02,Negative,Late,Gurugram,Sector 45
1825,93,12/15/2025,10,8,Yes,1103.47,Positive,Excellent service,Gurugram,Sohna Road
1826,55,12/5/2025,10,8,Yes,1028.57,Positive,Excellent service,Gurugram,DLF Phase 3
1827,13,1/4/2026,10,8,Yes,601.06,Positive,Excellent service,Gurugram,Sohna Road
1828,33,12/19/2025,10,8,Yes,992.32,Positive,Excellent service,Gurugram,DLF Phase 3
1829,56,12/6/2025,10,10,Yes,1047.96,Positive,Excellent service,Gurugram,Cyber Hub
1830,44,12/26/2025,10,15,Yes,441.29,Negative,Late,Gurugram,DLF Phase 3
1831,89,12/24/2025,10,8,Yes,709.98,Positive,Excellent service,Gurugram,Sohna Road
1832,99,12/7/2025,10,10,No,206.52,Negative,Excellent service,Gurugram,Sohna Road
1833,19,1/6/2026,10,8,Yes,485.83,Positive,Excellent service,Gurugram,Cyber Hub
1834,58,12/3/2025,10,8,Yes,407.65,Positive,Excellent service,Gurugram,DLF Phase 3
1835,30,12/19/2025,10,25,Yes,593.89,Negative,Bad quality,Gurugram,DLF Phase 3
1836,21,1/4/2026,10,20,Yes,1133.78,Negative,Bad quality,Gurugram,DLF Phase 3
1837,19,12/15/2025,10,20,No,347.23,Negative,Bad quality,Gurugram,Cyber Hub
1838,83,12/10/2025,10,25,No,1114.45,Negative,Late,Gurugram,DLF Phase 3
1839,39,1/6/2026,10,15,Yes,902.47,Negative,Late,Gurugram,Sohna Road
1840,64,12/1/2025,10,15,Yes,356.18,Negative,Bad quality,Gurugram,Sohna Road
1841,61,1/3/2026,10,8,Yes,939.57,Positive,Excellent service,Gurugram,DLF Phase 3
1842,82,12/26/2025,10,8,Yes,1015.25,Positive,Excellent service,Gurugram,Cyber Hub
1843,42,12/21/2025,10,8,Yes,1171.73,Positive,Excellent service,Gurugram,DLF Phase 3
1844,13,12/2/2025,10,8,No,1009.79,Negative,Excellent service,Gurugram,Cyber Hub
1845,79,1/4/2026,10,15,No,277.15,Negative,Late,Gurugram,Sohna Road
1846,65,12/6/2025,10,10,Yes,834.34,Positive,Excellent service,Gurugram,Cyber Hub
1847,88,12/11/2025,10,10,No,946.62,Negative,Excellent service,Gurugram,Sector 45
1848,50,12/12/2025,10,10,No,460.66,Negative,Excellent service,Gurugram,DLF Phase 3
1849,77,12/26/2025,10,10,Yes,1009.59,Positive,Excellent service,Gurugram,Sohna Road
1850,50,12/17/2025,10,10,Yes,757.69,Positive,Excellent service,Gurugram,Sohna Road
1851,11,12/11/2025,10,20,Yes,326.91,Negative,Bad quality,Gurugram,DLF Phase 3
1852,73,12/24/2025,10,8,No,967.07,Negative,Excellent service,Gurugram,Sohna Road
1853,12,12/11/2025,10,8,Yes,592.5,Positive,Excellent service,Gurugram,DLF Phase 3
1854,6,12/15/2025,10,8,Yes,305.19,Positive,Excellent service,Gurugram,Sector 45
1855,43,12/15/2025,10,10,Yes,494.15,Positive,Excellent service,Gurugram,Sector 45
1856,57,12/5/2025,10,10,Yes,219.69,Positive,Excellent service,Gurugram,Cyber Hub
1857,86,12/2/2025,10,8,Yes,790.75,Positive,Excellent service,Gurugram,Sohna Road
1858,14,12/16/2025,10,25,Yes,1101.08,Negative,Late,Gurugram,Cyber Hub
1859,4,1/5/2026,10,10,No,323.67,Negative,Excellent service,Gurugram,DLF Phase 3
1860,82,1/2/2026,10,20,Yes,880.16,Negative,Late,Gurugram,DLF Phase 3
1861,31,12/1/2025,10,10,Yes,976.22,Positive,Excellent service,Gurugram,Sector 45
1862,73,1/7/2026,10,8,Yes,234.51,Positive,Excellent service,Gurugram,Sector 45
1863,64,12/23/2025,10,8,Yes,318.05,Positive,Excellent service,Gurugram,Sector 45
1864,13,12/1/2025,10,20,Yes,312.29,Negative,Bad quality,Gurugram,Sohna Road
1865,46,1/1/2026,10,25,Yes,1158.67,Negative,Late,Gurugram,Sohna Road
1866,37,12/22/2025,10,15,Yes,294.49,Negative,Late,Gurugram,Sohna Road
1867,12,1/1/2026,10,10,Yes,504.77,Positive,Excellent service,Gurugram,Cyber Hub
1868,16,12/13/2025,10,8,Yes,183.94,Positive,Excellent service,Gurugram,DLF Phase 3
1869,27,1/3/2026,10,10,Yes,1138.67,Positive,Excellent service,Gurugram,Cyber Hub
1870,71,12/31/2025,10,8,Yes,425.21,Positive,Excellent service,Gurugram,DLF Phase 3
1871,18,12/6/2025,10,10,Yes,868.22,Positive,Excellent service,Gurugram,DLF Phase 3
1872,10,12/13/2025,10,10,Yes,185.03,Positive,Excellent service,Gurugram,Sohna Road
1873,24,12/13/2025,10,25,Yes,377.89,Negative,Missing item,Gurugram,DLF Phase 3
1874,78,12/27/2025,10,10,Yes,983.78,Positive,Excellent service,Gurugram,DLF Phase 3
1875,52,12/13/2025,10,10,Yes,201.27,Positive,Excellent service,Gurugram,Sector 45
1876,79,12/26/2025,10,20,Yes,1017.2,Negative,Missing item,Gurugram,DLF Phase 3
1877,78,12/29/2025,10,10,Yes,404.79,Positive,Excellent service,Gurugram,Cyber Hub
1878,13,12/2/2025,10,8,Yes,746.12,Positive,Excellent service,Gurugram,DLF Phase 3
1879,18,12/27/2025,10,8,Yes,220.53,Positive,Excellent service,Gurugram,DLF Phase 3
1880,79,12/16/2025,10,10,Yes,531.82,Positive,Excellent service,Gurugram,Sohna Road
1881,47,12/19/2025,10,10,Yes,1113.62,Positive,Excellent service,Gurugram,Sector 45
1882,9,12/3/2025,10,8,Yes,207.5,Positive,Excellent service,Gurugram,Sector 45
1883,70,12/4/2025,10,8,Yes,749.9,Positive,Excellent service,Gurugram,Sohna Road
1884,52,12/21/2025,10,25,Yes,200.55,Negative,Bad quality,Gurugram,Cyber Hub
1885,27,12/24/2025,10,10,Yes,739.65,Positive,Excellent service,Gurugram,Cyber Hub
1886,57,1/3/2026,10,10,Yes,715.79,Positive,Excellent service,Gurugram,Sohna Road
1887,16,12/30/2025,10,10,Yes,198.6,Positive,Excellent service,Gurugram,DLF Phase 3
1888,41,12/5/2025,10,10,Yes,869.15,Positive,Excellent service,Gurugram,Sector 45
1889,54,12/14/2025,10,15,Yes,482.15,Negative,Late,Gurugram,DLF Phase 3
1890,15,12/19/2025,10,10,Yes,519.34,Positive,Excellent service,Gurugram,Cyber Hub
1891,31,12/7/2025,10,8,No,339.49,Negative,Excellent service,Gurugram,Sector 45
1892,28,12/2/2025,10,8,Yes,945.06,Positive,Excellent service,Gurugram,Sohna Road
1893,16,12/16/2025,10,8,Yes,694.87,Positive,Excellent service,Gurugram,DLF Phase 3
1894,2,12/27/2025,10,20,No,750.25,Negative,Bad quality,Gurugram,DLF Phase 3
1895,9,12/18/2025,10,25,Yes,787.04,Negative,Late,Gurugram,DLF Phase 3
1896,44,12/24/2025,10,8,Yes,450.11,Positive,Excellent service,Gurugram,DLF Phase 3
1897,22,12/25/2025,10,8,Yes,846.04,Positive,Excellent service,Gurugram,Sector 45
1898,79,12/6/2025,10,8,Yes,1023.19,Positive,Excellent service,Gurugram,DLF Phase 3
1899,91,12/22/2025,10,8,Yes,715.06,Positive,Excellent service,Gurugram,Sector 45
1900,30,12/30/2025,10,15,Yes,526.46,Negative,Bad quality,Gurugram,Cyber Hub
1901,41,12/3/2025,10,15,Yes,782.81,Negative,Late,Gurugram,Sohna Road
1902,95,12/28/2025,10,20,Yes,306.95,Negative,Missing item,Gurugram,Cyber Hub
1903,86,12/29/2025,10,15,Yes,464.37,Negative,Late,Gurugram,Sector 45
1904,97,12/5/2025,10,8,Yes,915.13,Positive,Excellent service,Gurugram,DLF Phase 3
1905,22,12/16/2025,10,10,No,870.48,Negative,Excellent service,Gurugram,DLF Phase 3
1906,93,1/7/2026,10,15,Yes,799.31,Negative,Bad quality,Gurugram,Sohna Road
1907,59,12/14/2025,10,20,Yes,1137.33,Negative,Bad quality,Gurugram,Sohna Road
1908,36,12/19/2025,10,8,Yes,325.44,Positive,Excellent service,Gurugram,DLF Phase 3
1909,8,12/28/2025,10,10,Yes,493.39,Positive,Excellent service,Gurugram,Sohna Road
1910,95,12/24/2025,10,8,Yes,411.29,Positive,Excellent service,Gurugram,Sector 45
1911,98,12/29/2025,10,25,Yes,1120.52,Negative,Bad quality,Gurugram,Sector 45
1912,79,12/25/2025,10,10,Yes,182.93,Positive,Excellent service,Gurugram,Sohna Road
1913,38,12/9/2025,10,10,Yes,712.66,Positive,Excellent service,Gurugram,DLF Phase 3
1914,16,12/24/2025,10,10,Yes,377.73,Positive,Excellent service,Gurugram,Sector 45
1915,19,12/9/2025,10,10,Yes,728.9,Positive,Excellent service,Gurugram,DLF Phase 3
1916,89,12/8/2025,10,10,Yes,432.88,Positive,Excellent service,Gurugram,Cyber Hub
1917,84,12/19/2025,10,10,Yes,666.9,Positive,Excellent service,Gurugram,Sohna Road
1918,36,12/11/2025,10,10,Yes,644,Positive,Excellent service,Gurugram,Sohna Road
1919,89,1/7/2026,10,20,Yes,275.02,Negative,Bad quality,Gurugram,DLF Phase 3
1920,23,1/4/2026,10,10,Yes,645.38,Positive,Excellent service,Gurugram,Sohna Road
1921,84,12/19/2025,10,8,Yes,1151.43,Positive,Excellent service,Gurugram,Sector 45
1922,6,1/7/2026,10,8,No,391.55,Negative,Excellent service,Gurugram,Sector 45
1923,19,12/31/2025,10,10,Yes,624.92,Positive,Excellent service,Gurugram,Sector 45
1924,75,12/18/2025,10,8,Yes,1163.76,Positive,Excellent service,Gurugram,Cyber Hub
1925,18,12/20/2025,10,10,Yes,1029.73,Positive,Excellent service,Gurugram,DLF Phase 3
1926,22,12/3/2025,10,8,Yes,1145.97,Positive,Excellent service,Gurugram,Sohna Road
1927,70,12/13/2025,10,10,No,1075.16,Negative,Excellent service,Gurugram,Sohna Road
1928,15,12/30/2025,10,10,Yes,177.79,Positive,Excellent service,Gurugram,Cyber Hub
1929,45,1/2/2026,10,10,Yes,448.26,Positive,Excellent service,Gurugram,Cyber Hub
1930,64,12/20/2025,10,20,Yes,265.83,Negative,Late,Gurugram,Cyber Hub
1931,52,12/5/2025,10,10,Yes,1105.79,Positive,Excellent service,Gurugram,Sohna Road
1932,90,12/21/2025,10,10,No,904.57,Negative,Excellent service,Gurugram,Sohna Road
1933,20,12/8/2025,10,20,Yes,802.36,Negative,Missing item,Gurugram,Cyber Hub
1934,87,12/11/2025,10,8,Yes,464.32,Positive,Excellent service,Gurugram,Cyber Hub
1935,87,1/4/2026,10,10,Yes,250.68,Positive,Excellent service,Gurugram,Sector 45
1936,38,12/8/2025,10,15,No,649.9,Negative,Late,Gurugram,Cyber Hub
1937,89,12/30/2025,10,10,Yes,187.25,Positive,Excellent service,Gurugram,Sohna Road
1938,88,12/16/2025,10,20,Yes,531.46,Negative,Late,Gurugram,Sector 45
1939,59,12/1/2025,10,10,Yes,808.72,Positive,Excellent service,Gurugram,Sohna Road
1940,36,12/23/2025,10,10,Yes,728.8,Positive,Excellent service,Gurugram,Sohna Road
1941,33,12/24/2025,10,25,Yes,880.36,Negative,Missing item,Gurugram,Sohna Road
1942,72,12/13/2025,10,8,Yes,319.74,Positive,Excellent service,Gurugram,DLF Phase 3
1943,53,12/9/2025,10,10,Yes,1022.35,Positive,Excellent service,Gurugram,Sector 45
1944,11,12/31/2025,10,10,Yes,936.71,Positive,Excellent service,Gurugram,Cyber Hub
1945,60,12/15/2025,10,10,Yes,472.95,Positive,Excellent service,Gurugram,Sohna Road
1946,30,12/21/2025,10,10,Yes,361.86,Positive,Excellent service,Gurugram,Sohna Road
1947,77,12/21/2025,10,8,Yes,1105.58,Positive,Excellent service,Gurugram,Sohna Road
1948,7,12/19/2025,10,8,Yes,844.9,Positive,Excellent service,Gurugram,DLF Phase 3
1949,85,1/1/2026,10,8,Yes,538.37,Positive,Excellent service,Gurugram,Sohna Road
1950,75,12/17/2025,10,10,Yes,864.12,Positive,Excellent service,Gurugram,Cyber Hub
1951,31,1/1/2026,10,10,Yes,884.09,Positive,Excellent service,Gurugram,Cyber Hub
1952,45,1/3/2026,10,25,Yes,259.36,Negative,Missing item,Gurugram,Cyber Hub
1953,86,12/14/2025,10,15,Yes,1118.54,Negative,Late,Gurugram,Sohna Road
1954,72,12/28/2025,10,20,Yes,409.33,Negative,Missing item,Gurugram,Sector 45
1955,88,1/6/2026,10,8,Yes,408.28,Positive,Excellent service,Gurugram,Sector 45
1956,82,12/31/2025,10,8,Yes,388,Positive,Excellent service,Gurugram,Cyber Hub
1957,26,12/21/2025,10,10,Yes,913.91,Positive,Excellent service,Gurugram,Cyber Hub
1958,20,12/17/2025,10,10,Yes,1073.51,Positive,Excellent service,Gurugram,Cyber Hub
1959,50,12/30/2025,10,8,Yes,1082.29,Positive,Excellent service,Gurugram,Sector 45
1960,91,12/6/2025,10,8,Yes,366.03,Positive,Excellent service,Gurugram,Cyber Hub
1961,97,1/2/2026,10,8,Yes,866.79,Positive,Excellent service,Gurugram,Cyber Hub
1962,79,1/4/2026,10,10,Yes,547.64,Positive,Excellent service,Gurugram,DLF Phase 3
1963,79,12/31/2025,10,10,Yes,707.49,Positive,Excellent service,Gurugram,Sector 45
1964,42,12/24/2025,10,8,Yes,342.77,Positive,Excellent service,Gurugram,Cyber Hub
1965,63,12/12/2025,10,25,Yes,1119.84,Negative,Bad quality,Gurugram,Sector 45
1966,7,1/6/2026,10,10,Yes,416.61,Positive,Excellent service,Gurugram,Sector 45
1967,12,12/24/2025,10,15,No,423.88,Negative,Bad quality,Gurugram,Sohna Road
1968,14,12/16/2025,10,10,Yes,962.79,Positive,Excellent service,Gurugram,Sohna Road
1969,70,12/17/2025,10,20,Yes,1102.18,Negative,Late,Gurugram,Cyber Hub
1970,42,1/3/2026,10,10,Yes,224.22,Positive,Excellent service,Gurugram,Cyber Hub
1971,37,12/20/2025,10,10,Yes,408.32,Positive,Excellent service,Gurugram,Sohna Road
1972,36,12/14/2025,10,15,Yes,934.98,Negative,Missing item,Gurugram,Cyber Hub
1973,71,12/30/2025,10,10,Yes,923.14,Positive,Excellent service,Gurugram,Sohna Road
1974,100,12/13/2025,10,10,Yes,894.49,Positive,Excellent service,Gurugram,Cyber Hub
1975,89,12/6/2025,10,15,Yes,612.26,Negative,Late,Gurugram,Sector 45
1976,88,1/1/2026,10,20,Yes,1192.85,Negative,Late,Gurugram,DLF Phase 3
1977,70,12/1/2025,10,20,No,451.75,Negative,Bad quality,Gurugram,Cyber Hub
1978,35,12/7/2025,10,10,Yes,935.67,Positive,Excellent service,Gurugram,Sector 45
1979,27,1/1/2026,10,10,Yes,987.64,Positive,Excellent service,Gurugram,Sohna Road
1980,67,12/26/2025,10,8,Yes,938,Positive,Excellent service,Gurugram,Cyber Hub
1981,32,12/12/2025,10,10,Yes,232.13,Positive,Excellent service,Gurugram,Cyber Hub
1982,17,12/7/2025,10,8,Yes,688.9,Positive,Excellent service,Gurugram,Sohna Road
1983,38,12/14/2025,10,25,Yes,463.86,Negative,Bad quality,Gurugram,Sohna Road
1984,3,1/1/2026,10,20,Yes,903.22,Negative,Late,Gurugram,Cyber Hub
1985,28,1/6/2026,10,10,Yes,494.41,Positive,Excellent service,Gurugram,DLF Phase 3
1986,9,12/28/2025,10,8,Yes,379.61,Positive,Excellent service,Gurugram,Cyber Hub
1987,81,12/11/2025,10,10,Yes,670.94,Positive,Excellent service,Gurugram,Cyber Hub
1988,30,12/2/2025,10,8,Yes,695.97,Positive,Excellent service,Gurugram,Sohna Road
1989,83,12/9/2025,10,20,Yes,592.17,Negative,Bad quality,Gurugram,Sector 45
1990,68,12/7/2025,10,15,Yes,1059.11,Negative,Missing item,Gurugram,Sohna Road
1991,89,12/27/2025,10,10,Yes,606.82,Positive,Excellent service,Gurugram,DLF Phase 3
1992,30,1/7/2026,10,8,Yes,534.1,Positive,Excellent service,Gurugram,DLF Phase 3
1993,57,12/13/2025,10,8,Yes,442.28,Positive,Excellent service,Gurugram,Cyber Hub
1994,35,1/5/2026,10,25,Yes,595.61,Negative,Bad quality,Gurugram,Sohna Road
1995,55,12/18/2025,10,8,Yes,474.42,Positive,Excellent service,Gurugram,Cyber Hub
1996,77,12/4/2025,10,10,Yes,1090.21,Positive,Excellent service,Gurugram,Sector 45
1997,80,12/3/2025,10,8,Yes,549.09,Positive,Excellent service,Gurugram,Sector 45
1998,48,12/28/2025,10,8,Yes,922.98,Positive,Excellent service,Gurugram,Sector 45
1999,46,12/26/2025,10,8,Yes,183.2,Positive,Excellent service,Gurugram,DLF Phase 3
